"Water","Site","TAXON","SIASAM","d13C","d15N","C.N","SIZE","d13C_Cor"
"Baby Lk.","","NPIKE",10001,-26.46,10.03,3.19,"Pred",NA
"Baby Lk.","","NPIKE",10001,-26.45,10.07,3.19,"Pred",NA
"Baby Lk.","","WS",10002,-26.25,6.05,3.31,"Pred",NA
"Baby Lk.","","WS",10003,-31.79,3.43,3.47,"Pred",NA
"Baby Lk.","","WS",10004,-30.98,5.38,3.34,"Pred",NA
"Baby Lk.","","WS",10005,-27.09,5.74,3.3,"Pred",NA
"Daisy Lk.","","NPIKE",10006,-27.85,9.27,3.25,"Pred",NA
"Daisy Lk.","","NPIKE",10007,-27.43,9.36,3.21,"Pred",NA
"Daisy Lk.","","NPIKE",10008,-27.9,10.73,3.19,"Pred",NA
"Daisy Lk.","","NPIKE",10009,-26.96,10.79,3.19,"Pred",NA
"Daisy Lk.","","NPIKE",10010,-26.74,10.86,3.21,"Pred",NA
"Daisy Lk.","","NPIKE",10011,-27.78,10.46,3.18,"Pred",NA
"Daisy Lk.","","NPIKE",10012,-28.39,9.07,3.21,"Pred",NA
"Daisy Lk.","","NPIKE",10013,-27.81,10.7,3.17,"Pred",NA
"Daisy Lk.","","WS",10014,-29.34,7.9,3.97,"Pred",NA
"Daisy Lk.","","WS",10015,-26.3,6.36,3.21,"Pred",NA
"Daisy Lk.","","SMB",10016,-28.59,7.61,3.6,"Pred",NA
"Daisy Lk.","","SMB",10017,-28.44,7.96,3.27,"Pred",NA
"Daisy Lk.","","SMB",10018,-27.78,8.53,3.39,"Pred",NA
"Daisy Lk.","","SMB",10018,-27.8,8.53,3.4,"Pred",NA
"Daisy Lk.","","SMB",10019,-29.06,8.12,3.68,"Pred",NA
"Daisy Lk.","","SMB",10020,-28.22,8.12,3.56,"Pred",NA
"Daisy Lk.","","SMB",10021,-28.02,8.28,3.37,"Pred",NA
"Daisy Lk.","","SMB",10022,-28.57,8.32,3.3,"Pred",NA
"Daisy Lk.","","SMB",10023,-28.08,8.7,3.35,"Pred",NA
"Daisy Lk.","","SMB",10024,-28.21,7.94,3.32,"Pred",NA
"Daisy Lk.","","SMB",10025,-27.45,8,3.25,"Pred",NA
"Daisy Lk.","","WALL",10026,-27.64,7.82,3.19,"Pred",NA
"Daisy Lk.","","WALL",10027,-28.04,8.18,3.21,"Pred",NA
"Daisy Lk.","","WALL",10028,-28.44,8.74,3.22,"Pred",NA
"Daisy Lk.","","WALL",10029,-28.33,8.14,3.23,"Pred",NA
"Daisy Lk.","","WALL",10030,-27.93,8.54,3.2,"Pred",NA
"Daisy Lk.","","WALL",10031,-28.31,8.19,3.21,"Pred",NA
"Daisy Lk.","","WALL",10032,-28.14,7.86,3.27,"Pred",NA
"Daisy Lk.","","WALL",10033,-28.16,9.31,3.25,"Pred",NA
"Daisy Lk.","","WALL",10034,-27.88,8.61,3.2,"Pred",NA
"Daisy Lk.","","WALL",10035,-28.09,10.26,3.34,"Pred",NA
"Baby Lk.","","WS",11001,-24.73,6.25,3.38,"Prey",NA
"Baby Lk.","","WS",11002,-24.17,5.89,3.35,"Prey",NA
"Baby Lk.","","WS",11003,-24.86,6.66,3.34,"Prey",NA
"Baby Lk.","","WS",11003,-24.88,6.71,3.33,"Prey",NA
"Baby Lk.","","WS",11004,-24.85,7.07,3.43,"Prey",NA
"Baby Lk.","","COSHIN",11005,-27.74,7.1,3.59,"Prey",NA
"Baby Lk.","","COSHIN",11006,-29.97,7.9,3.45,"Prey",NA
"Baby Lk.","","COSHIN",11007,-30.15,7.61,3.72,"Prey",NA
"Baby Lk.","","COSHIN",11008,-29.98,6.58,3.56,"Prey",NA
"Baby Lk.","","COSHIN",11009,-30.31,7.13,3.63,"Prey",NA
"Baby Lk.","","COSHIN",11010,-29.75,7.76,3.78,"Prey",NA
"Baby Lk.","","COSHIN",11011,-32.3,5.96,3.71,"Prey",NA
"Baby Lk.","","COSHIN",11012,-30.38,7.22,3.7,"Prey",NA
"Baby Lk.","","COSHIN",11013,-31.58,6.38,3.59,"Prey",NA
"Baby Lk.","","COSHIN",11014,-28.99,7.68,3.53,"Prey",NA
"Baby Lk.","","CCHUB",11015,-24.92,5.15,3.43,"Prey",NA
"Baby Lk.","","CCHUB",11016,-25.42,5.69,3.7,"Prey",NA
"Baby Lk.","","CCHUB",11017,-25.95,5.48,3.46,"Prey",NA
"Baby Lk.","","CCHUB",11018,-26.52,6.8,3.44,"Prey",NA
"Baby Lk.","","CCHUB",11019,-26.33,5.83,3.46,"Prey",NA
"Baby Lk.","","PSEED",11020,-24.26,6.85,3.44,"Prey",NA
"Baby Lk.","","PSEED",11021,-26.04,8.06,3.32,"Prey",NA
"Baby Lk.","","PSEED",11021,-26.07,8.06,3.32,"Prey",NA
"Baby Lk.","","PSEED",11022,-24.22,7.68,3.32,"Prey",NA
"Baby Lk.","","PSEED",11023,-24.22,7.9,3.37,"Prey",NA
"Baby Lk.","","PSEED",11024,-28.37,6.17,3.28,"Prey",NA
"Baby Lk.","","PSEED",11025,-27.28,6.77,3.32,"Prey",NA
"Baby Lk.","","PSEED",11026,-29.41,6.1,3.27,"Prey",NA
"Baby Lk.","","PSEED",11027,-26.32,7.23,3.25,"Prey",NA
"Baby Lk.","","PSEED",11028,-31.76,5.61,3.26,"Prey",NA
"Baby Lk.","","PSEED",11029,-33.74,5.76,3.25,"Prey",NA
"Baby Lk.","","SMB",11030,-27.69,7.92,3.33,"Prey",NA
"Baby Lk.","","SMB",11031,-28.59,7.11,3.39,"Prey",NA
"Baby Lk.","","SMB",11032,-27.45,7.47,3.45,"Prey",NA
"Baby Lk.","","SMB",11033,-29.32,7.03,3.4,"Prey",NA
"Baby Lk.","","SMB",11034,-29.47,6.98,3.39,"Prey",NA
"Baby Lk.","","SMB",11035,-28.87,6.91,3.46,"Prey",NA
"Baby Lk.","","YPERCH",11036,-28.31,6.11,3.29,"Prey",NA
"Baby Lk.","","YPERCH",11037,-29.11,6.73,3.27,"Prey",NA
"Baby Lk.","","YPERCH",11038,-28.88,6.24,3.27,"Prey",NA
"Baby Lk.","","YPERCH",11039,-29.63,6.27,3.33,"Prey",NA
"Baby Lk.","","YPERCH",11039,-29.64,6.32,3.33,"Prey",NA
"Baby Lk.","","YPERCH",11040,-29.27,6.35,3.3,"Prey",NA
"Baby Lk.","","YPERCH",11041,-28.93,6.54,3.31,"Prey",NA
"Baby Lk.","","YPERCH",11042,-33.64,6.09,3.33,"Prey",NA
"Baby Lk.","","YPERCH",11043,-28.94,6.67,3.29,"Prey",NA
"Baby Lk.","","YPERCH",11044,-29.41,7.3,3.49,"Prey",NA
"Baby Lk.","","YPERCH",11045,-27.88,6.88,3.33,"Prey",NA
"Daisy Lk.","","BBULL",11046,-30.98,5.53,3.25,"Prey",NA
"Daisy Lk.","","BBULL",11047,-28.08,5.42,3.27,"Prey",NA
"Daisy Lk.","","BBULL",11048,-28.35,6.19,3.25,"Prey",NA
"Daisy Lk.","","BBULL",11049,-28.37,6.61,3.27,"Prey",NA
"Daisy Lk.","","BBULL",11050,-26.64,6.32,3.22,"Prey",NA
"Daisy Lk.","","BBULL",11051,-26.9,6.38,3.26,"Prey",NA
"Daisy Lk.","","BBULL",11052,-26.23,6.79,3.25,"Prey",NA
"Daisy Lk.","","BBULL",11053,-26.9,6.26,3.27,"Prey",NA
"Daisy Lk.","","BBULL",11054,-27.93,6.48,3.24,"Prey",NA
"Daisy Lk.","","BBULL",11055,-26.31,6.55,3.24,"Prey",NA
"Daisy Lk.","","PSEED",11056,-29.68,6.76,3.38,"Prey",NA
"Daisy Lk.","","PSEED",11057,-29.37,7.45,3.26,"Prey",NA
"Daisy Lk.","","PSEED",11057,-29.33,7.5,3.26,"Prey",NA
"Daisy Lk.","","PSEED",11058,-27.72,7.53,3.26,"Prey",NA
"Daisy Lk.","","PSEED",11059,-29.15,7.31,3.22,"Prey",NA
"Daisy Lk.","","SMB",11060,-27.12,6.98,3.38,"Prey",NA
"Daisy Lk.","","SMB",11061,-27.79,6.6,3.28,"Prey",NA
"Daisy Lk.","","SMB",11062,-27.01,6.98,3.28,"Prey",NA
"Daisy Lk.","","SMB",11063,-26.67,7.71,3.35,"Prey",NA
"Daisy Lk.","","SMB",11064,-27.14,7.42,3.31,"Prey",NA
"Daisy Lk.","","SMB",11065,-26.67,7.06,3.29,"Prey",NA
"Daisy Lk.","","SMB",11066,-26.78,8,3.36,"Prey",NA
"Daisy Lk.","","SMB",11067,-26.99,7.88,3.39,"Prey",NA
"Daisy Lk.","","SMB",11068,-29.27,7.75,3.3,"Prey",NA
"Daisy Lk.","","SMB",11069,-28.3,7.75,3.26,"Prey",NA
"Daisy Lk.","","YPERCH",11070,-29.82,6.18,3.34,"Prey",NA
"Daisy Lk.","","YPERCH",11071,-31.84,5.81,3.32,"Prey",NA
"Daisy Lk.","","YPERCH",11072,-31.73,6.91,3.37,"Prey",NA
"Daisy Lk.","","YPERCH",11073,-32.78,7,3.39,"Prey",NA
"Daisy Lk.","","YPERCH",11074,-31.44,6.1,3.45,"Prey",NA
"Daisy Lk.","","YPERCH",11075,-29.26,6.13,3.3,"Prey",NA
"Daisy Lk.","","YPERCH",11075,-29.25,6.18,3.3,"Prey",NA
"Daisy Lk.","","YPERCH",11076,-34.19,6.06,3.47,"Prey",NA
"Daisy Lk.","","YPERCH",11077,-28.11,6.78,3.33,"Prey",NA
"Daisy Lk.","","YPERCH",11078,-28.3,8.85,3.23,"Prey",NA
"Daisy Lk.","","YPERCH",11079,-25.8,9.98,3.26,"Prey",NA
"Nelson Lk.","","YPERCH",21810,-28.62,4.52,3.31,"Prey",NA
"Nelson Lk.","","YPERCH",21811,-28.93,4.7,3.53,"Prey",NA
"Nelson Lk.","","YPERCH",21812,-27.56,5.26,3.24,"Prey",NA
"Nelson Lk.","","YPERCH",21813,-26.45,5.7,3.26,"Prey",NA
"Nelson Lk.","","YPERCH",21814,-28.68,5.72,3.19,"Prey",NA
"Nelson Lk.","","YPERCH",21815,-27.56,6.19,3.17,"Prey",NA
"Nelson Lk.","","YPERCH",21815,-27.57,6.15,3.16,"Prey",NA
"Nelson Lk.","","YPERCH",21816,-26.8,6.71,3.18,"Prey",NA
"Nelson Lk.","","SMB",21817,-22.21,5.1,3.36,"Prey",NA
"Nelson Lk.","","SMB",21818,-21.55,5.44,3.37,"Prey",NA
"Nelson Lk.","","SMB",21819,-23.93,5.9,3.37,"Prey",NA
"Nelson Lk.","","SMB",21820,-26.81,6.21,3.27,"Prey",NA
"Nelson Lk.","","SMB",21821,-27.39,6.37,3.31,"Prey",NA
"Nelson Lk.","","SMB",21822,-26.84,6.3,3.26,"Prey",NA
"Nelson Lk.","","PSEED",21823,-26.9,7.83,3.43,"Prey",NA
"Nelson Lk.","","PSEED",21824,-27.32,8.36,3.37,"Prey",NA
"Nelson Lk.","","PSEED",21825,-27.66,8.14,3.37,"Prey",NA
"Nelson Lk.","","PSEED",21826,-29.46,8.3,3.52,"Prey",NA
"Nelson Lk.","","PSEED",21827,-30.93,8.44,3.47,"Prey",NA
"Nelson Lk.","","COSHIN",21828,-27.53,6.88,3.52,"Prey",NA
"Nelson Lk.","","COSHIN",21829,-27.93,6.63,3.41,"Prey",NA
"Nelson Lk.","","COSHIN",21830,-28.44,6.21,3.31,"Prey",NA
"Nelson Lk.","","COSHIN",21831,-28.45,6.65,3.36,"Prey",NA
"Nelson Lk.","","COSHIN",21832,-27.63,6.56,3.35,"Prey",NA
"Nelson Lk.","","WS",21833,-26.06,5.27,3.26,"Prey",NA
"Nelson Lk.","","WS",21833,-26.06,5.3,3.26,"Prey",NA
"Nelson Lk.","","WS",21834,-25.71,5.26,3.21,"Prey",NA
"Nelson Lk.","","BBULL",21835,-23.87,6,3.32,"Prey",NA
"Nelson Lk.","","BUR",21836,-24.56,7.84,3.25,"Prey",NA
"Baby Lk.","","EPH",12001,-28.08,3.6,4.54,"",NA
"Daisy Lk.","","EPH",12002,-25.88,1.69,4.22,"",NA
"Nelson Lk.","","EPH",12003,-26.97,0.88,4.57,"",NA
"Baby Lk.","","ZOOP",13001,-30.69,1.85,4.63,"",NA
"Daisy Lk.","","ZOOP",13002,-32.93,3.1,4.47,"",NA
"Nelson Lk.","","ZOOP",13003,-34.07,3.6,5.46,"",NA
"Baby Lk.","","PERI",14001,-26.95,1.14,13.7,"",NA
"Daisy Lk.","","PERI",14002,-28.47,2.19,10.53,"",NA
"Daisy Lk.","","PERI",14002,-28.47,2.36,10.13,"",NA
"Nelson Lk.","","PERI",14003,-25.74,1.59,12.33,"",NA
"Baby Lk.","A","PERI",14004,-24.92,0.2,9.88,"",NA
"Baby Lk.","B","PERI",14005,-25.54,0.13,10.19,"",NA
"Baby Lk.","C","PERI",14006,-25.97,0.12,11.79,"",NA
"Daisy Lk.","H","PERI",14007,-27.96,3.62,9.21,"",NA
"Daisy Lk.","I","PERI",14008,-28.26,5.15,9.39,"",NA
"Daisy Lk.","J","PERI",14009,-25.1,2.58,9.88,"",NA
"Daisy Lk.","K","PERI",14010,-25.65,1.16,11.13,"",NA
"Daisy Lk.","N","PERI",14011,-27.8,4.87,10.52,"",NA
"Daisy Lk.","R1","PERI",14012,-27.11,1.83,8.7,"",NA
"Daisy Lk.","R2","PERI",14013,-27.46,2.72,8.27,"",NA
"Daisy Lk.","R3","PERI",14014,-25.17,2.37,9.33,"",NA
"Nelson Lk.","A","PERI",14015,-26.21,2.85,10.53,"",NA
"Nelson Lk.","B","PERI",14016,-26.98,0.49,11.71,"",NA
"Nelson Lk.","C","PERI",14017,-29.09,5.05,10.7,"",NA
"Nelson Lk.","","LT",21369,-30.83,7.49,3.39,"Pred",NA
"Nelson Lk.","","LT",21371,-31.12,6.41,3.58,"Pred",NA
"Nelson Lk.","","LT",21372,-32.24,5.9,3.59,"Pred",NA
"Nelson Lk.","","LT",21373,-29.41,8.13,3.54,"Pred",NA
"Nelson Lk.","","LT",21374,-32.38,7.98,3.37,"Pred",NA
"Nelson Lk.","","LT",21375,-32.16,8.07,3.29,"Pred",NA
"Nelson Lk.","","LT",21376,-29.74,8.03,3.62,"Pred",NA
"Nelson Lk.","","LT",21377,-30.5,8.25,3.7,"Pred",NA
"Nelson Lk.","","LT",21378,-31.92,7.75,3.34,"Pred",NA
"Nelson Lk.","","WS",21379,-24.45,6.08,3.41,"Pred",NA
"Nelson Lk.","","WS",21380,-27.75,6.54,3.3,"Pred",NA
"Nelson Lk.","","WS",21381,-23.84,5.39,3.26,"Pred",NA
"Nelson Lk.","","WS",21382,-25.53,4.78,3.29,"Pred",NA
"Nelson Lk.","","WS",21383,-27.08,5.12,3.23,"Pred",NA
"Nelson Lk.","","WS",21384,-26.22,5.22,3.25,"Pred",NA
"Nelson Lk.","","WS",21385,-22.96,4.87,3.27,"Pred",NA
"Nelson Lk.","","WS",21386,-28.26,6.87,3.36,"Pred",NA
"Nelson Lk.","","WS",21387,-27.16,5.69,3.3,"Pred",NA
"Nelson Lk.","","WS",21388,-26.53,7.45,3.58,"Pred",NA
"Nelson Lk.","","BUR",21389,-27.43,9.41,3.31,"Pred",NA
"Nelson Lk.","","SMB",21391,-26.72,7.24,3.33,"Pred",NA
"Nelson Lk.","","SMB",21393,-28.31,7.36,3.27,"Pred",NA
"Nelson Lk.","","SMB",21394,-27.05,7.04,3.28,"Pred",NA
"Nelson Lk.","","SMB",21395,-25.38,7.33,3.38,"Pred",NA
"Nelson Lk.","","SMB",21396,-24.76,7.7,3.32,"Pred",NA
"Nelson Lk.","","SMB",21397,-27.24,7.18,3.23,"Pred",NA
"Nelson Lk.","","SMB",21398,-25.62,7.43,3.28,"Pred",NA
"Endikai Lk.",NA,"LT",1657,-26.89,11.13,3.4,"Pred",NA
"Endikai Lk.",NA,"LT",1658,-27.01,11.51,3.21,"Pred",NA
"Endikai Lk.",NA,"LT",1659,-26.12,11.07,3.44,"Pred",NA
"Endikai Lk.",NA,"LT",1660,-26.6,10.92,3.38,"Pred",NA
"Endikai Lk.",NA,"LT",1661,-26.78,11.53,3.36,"Pred",NA
"Endikai Lk.",NA,"LT",1662,-26.94,10.61,3.37,"Pred",NA
"Endikai Lk.",NA,"LT",1663,-27.02,10.61,3.62,"Pred",NA
"Endikai Lk.",NA,"LT",1664,-26.82,10.89,3.6,"Pred",NA
"Endikai Lk.",NA,"LT",1665,-26.65,10.53,3.47,"Pred",NA
"Endikai Lk.",NA,"LT",1666,-26.43,10.49,3.31,"Pred",NA
"Endikai Lk.",NA,"LWF",1667,-27.76,8.73,3.73,"Pred",NA
"Endikai Lk.",NA,"LWF",1668,-27.81,8.56,3.53,"Pred",NA
"Endikai Lk.",NA,"NP",1669,-23.14,8.54,3.22,"Pred",NA
"Endikai Lk.",NA,"BUR",1670,-21.65,12.17,3.35,"Pred",NA
"Endikai Lk.",NA,"BUR",1671,-23.69,12.65,3.31,"Pred",NA
"Endikai Lk.",NA,"BUR",1672,-25.83,11.78,3.32,"Pred",NA
"Endikai Lk.",NA,"BUR",1673,-25.17,13.57,3.34,"Pred",NA
"Endikai Lk.",NA,"BUR",1674,-25.41,12.28,3.27,"Pred",NA
"Endikai Lk.",NA,"BUR",1675,-26.07,11.93,3.34,"Pred",NA
"Endikai Lk.",NA,"BUR",1676,-23.47,13.61,3.44,"Pred",NA
"Endikai Lk.",NA,"BUR",1677,-25.89,11.12,3.32,"Pred",NA
"Endikai Lk.",NA,"BUR",1678,-26.08,10.18,3.38,"Pred",NA
"Endikai Lk.",NA,"BUR",1679,-26.57,10.62,3.47,"Pred",NA
"Endikai Lk.",NA,"RT",1680,NA,NA,NA,"Pred",NA
"Endikai Lk.",NA,"SMB",1681,-24.34,10.03,3.3,"Pred",NA
"Endikai Lk.",NA,"SMB",1682,-23.64,9.25,3.31,"Pred",NA
"Endikai Lk.",NA,"SMB",1683,-24.47,8.99,3.24,"Pred",NA
"Endikai Lk.",NA,"SMB",1684,-25.68,8.88,3.44,"Pred",NA
"Endikai Lk.",NA,"SMB",1685,-24.32,9.3,3.31,"Pred",NA
"Endikai Lk.",NA,"SMB",1686,-21.64,9.81,3.45,"Pred",NA
"Endikai Lk.",NA,"SMB",1687,-24.89,10.11,3.15,"Pred",NA
"Endikai Lk.",NA,"SMB",1688,-25.04,8.98,3.16,"Pred",NA
"Endikai Lk.",NA,"SMB",1689,-25.02,9.6,3.2,"Pred",NA
"Endikai Lk.",NA,"SMB",1690,-23.39,9.47,3.35,"Pred",NA
"Endikai Lk.",NA,"WALL",1691,-24.45,8.01,3.11,"Pred",NA
"Endikai Lk.",NA,"WALL",1692,-23.69,8.18,3.11,"Pred",NA
"Endikai Lk.",NA,"WALL",1693,-24.42,8.69,3.18,"Pred",NA
"Endikai Lk.",NA,"WALL",1694,-23.14,9.11,3.15,"Pred",NA
"Endikai Lk.",NA,"WALL",1695,-23.95,9.1,3.12,"Pred",NA
"Endikai Lk.",NA,"WALL",1696,-25.27,9.9,3.13,"Pred",NA
"Endikai Lk.",NA,"WALL",1697,-24.74,10.31,3.15,"Pred",NA
"Endikai Lk.",NA,"WALL",1698,-24.78,9.75,3.13,"Pred",NA
"Endikai Lk.",NA,"WALL",1699,-24.92,9.54,3.18,"Pred",NA
"Endikai Lk.",NA,"WALL",1700,-24.33,10.13,3.25,"Pred",NA
"Endikai Lk.",NA,"WS",1701,-24.66,7.05,3.13,"Pred",NA
"Endikai Lk.",NA,"WS",1702,-29.88,6.72,3.22,"Pred",NA
"Endikai Lk.",NA,"WS",1703,-21.69,7.63,3.3,"Pred",NA
"Endikai Lk.",NA,"WS",1704,-27.07,7.18,3.22,"Pred",NA
"Endikai Lk.",NA,"WS",1705,-22.96,6.87,3.27,"Pred",NA
"Endikai Lk.",NA,"WS",1706,-32.12,6.13,3.9,"Pred",NA
"Endikai Lk.",NA,"WS",1707,-23.77,8.22,4.25,"Pred",NA
"Endikai Lk.",NA,"WS",1708,-25.22,8.52,4.47,"Pred",NA
"Endikai Lk.",NA,"WS",1709,-33,6.48,4.25,"Pred",NA
"Endikai Lk.",NA,"WS",1710,-28.5,7.22,3.19,"Pred",NA
"Endikai Lk.",NA,"LT",2137,-26.86,10.59,3.37,"Pred",NA
"Endikai Lk.",NA,"LT",2138,-26.97,11.04,3.57,"Prey",NA
"Endikai Lk.",NA,"WALL",2139,-29.04,5.58,3.68,"Prey",NA
"Endikai Lk.",NA,"SPSHINER",2140,-24.78,6.13,3.59,"Prey",NA
"Endikai Lk.",NA,"CISCO",2141,-29.08,4.99,3.71,"Prey",NA
"Endikai Lk.",NA,"CISCO",2142,-28.93,4.77,3.65,"Prey",NA
"Endikai Lk.",NA,"CISCO",2143,-28.81,4.96,3.53,"Prey",NA
"Endikai Lk.",NA,"RSMELT",2144,-27.58,8.68,3.44,"Prey",NA
"Endikai Lk.",NA,"RSMELT",2145,-28.06,7.77,3.47,"Prey",NA
"Endikai Lk.",NA,"RSMELT",2146,-27,8.29,3.59,"Prey",NA
"Endikai Lk.",NA,"YPERCH",2147,-25.16,7.06,3.27,"Prey",NA
"Endikai Lk.",NA,"YPERCH",2148,-26.96,6.42,3.33,"Prey",NA
"Endikai Lk.",NA,"YPERCH",2149,-24.42,7.23,3.36,"Prey",NA
"Endikai Lk.",NA,"YPERCH",2150,-24.34,7.04,3.31,"Prey",NA
"Endikai Lk.",NA,"YPERCH",2151,-24.45,6.89,3.36,"Prey",NA
"Endikai Lk.",NA,"YPERCH",2152,-29.6,5.85,3.8,"Prey",NA
"Endikai Lk.",NA,"BNMIN",2153,-22.5,7.27,4.2,"Prey",NA
"Endikai Lk.",NA,"BNMIN",2154,-23.09,6.33,3.63,"Prey",NA
"Endikai Lk.",NA,"BNMIN",2155,-21.46,6.71,3.73,"Prey",NA
"Endikai Lk.",NA,"BNMIN",2156,-24.22,6.29,3.82,"Prey",NA
"Endikai Lk.",NA,"BNMIN",2157,-21.33,6.6,3.85,"Prey",NA
"Endikai Lk.",NA,"BNMIN",2158,-23.68,6.09,4.22,"Prey",NA
"Endikai Lk.",NA,"LPERCH",2159,-24.76,7.5,3.91,"Prey",NA
"Endikai Lk.",NA,"LPERCH",2160,-25.16,6.58,4.55,"Prey",NA
"Endikai Lk.",NA,"LPERCH",2161,-23.03,7.53,4.04,"Prey",NA
"Endikai Lk.",NA,"LPERCH",2162,-21.81,6.85,3.67,"Prey",NA
"Endikai Lk.",NA,"LPERCH",2163,-28.01,7.11,3.84,"Prey",NA
"Endikai Lk.",NA,"LPERCH",2164,-25.71,7.26,3.72,"Prey",NA
"Endikai Lk.",NA,"LPERCH",2165,-20.85,6.17,4.27,"Prey",NA
"Endikai Lk.",NA,"LPERCH",2166,-24.94,7.58,3.62,"Prey",NA
"Endikai Lk.",NA,"LPERCH",2167,-22.71,6.93,3.89,"Prey",NA
"Endikai Lk.",NA,"LPERCH",2168,-24.44,7.59,3.47,"Prey",NA
"Endikai Lk.",NA,"SMB",2169,NA,NA,NA,"Prey",NA
"Endikai Lk.",NA,"SMB",2170,-23.64,7.7,3.36,"Prey",NA
"Endikai Lk.",NA,"SMB",2171,NA,NA,NA,"Prey",NA
"Endikai Lk.",NA,"SMB",2172,-24.65,7.69,3.48,"Prey",NA
"Endikai Lk.",NA,"SMB",2173,NA,NA,NA,"Prey",NA
"Endikai Lk.",NA,"SMB",2174,NA,NA,NA,"Prey",NA
"Endikai Lk.",NA,"SMB",2175,NA,NA,NA,"Prey",NA
"Endikai Lk.",NA,"SMB",2176,-24.59,7.58,3.46,"Prey",NA
"Endikai Lk.",NA,"SMB",2177,-24.84,7.29,3.47,"Prey",NA
"Endikai Lk.",NA,"SMB",2178,-26.04,8.25,3.43,"Prey",NA
"Endikai Lk.",NA,"CRAYFISH",2179,-20.64,5.04,3.78,NA,NA
"Endikai Lk.",NA,"CRAYFISH",2180,-25,5.39,3.78,NA,NA
"Endikai Lk.",NA,"CRAYFISH",2181,-24.46,7.09,3.81,NA,NA
"Endikai Lk.",NA,"CRAYFISH",2182,-23.52,6.15,3.94,NA,NA
"Endikai Lk.",NA,"CRAYFISH",2183,-22.94,5,3.86,NA,NA
"Endikai Lk.",NA,"CRAYFISH",2184,-22.98,5.38,3.77,NA,NA
"Endikai Lk.",NA,"CRAYFISH",2185,-25.38,5.46,3.55,NA,NA
"Endikai Lk.",NA,"RBASS",2186,-30.76,4.7,4.39,"Prey",NA
"Endikai Lk.",NA,"RBASS",2187,-28.79,6.15,3.69,"Prey",NA
"Endikai Lk.",NA,"RBASS",2188,-25.49,7.13,3.63,"Prey",NA
"Endikai Lk.",NA,"RBASS",2189,-28.73,9.43,3.56,"Prey",NA
"Endikai Lk.",NA,"RBASS",2190,-23.9,8.28,3.42,"Prey",NA
"Endikai Lk.",NA,"RBASS",2191,-22.78,8.5,3.37,"Prey",NA
"Endikai Lk.",NA,"RBASS",2192,-26.08,7.61,3.36,"Prey",NA
"Endikai Lk.",NA,"RBASS",2193,-25.33,8.68,3.34,"Prey",NA
"Endikai Lk.",NA,"RBASS",2194,-23.25,8.94,3.25,"Prey",NA
"Endikai Lk.",NA,"RBASS",2195,-20.97,8.32,3.29,"Pred",NA
"Endikai Lk.",NA,"NP",4128,-24.1,11.23,3.3,"Pred",NA
"Endikai Lk.",NA,"NP",4129,-25.56,9.64,3.32,"Pred",NA
"Endikai Lk.",NA,"NP",4130,-23.89,9.53,3.26,"Pred",NA
"Endikai Lk.",NA,"NP",4131,-27.11,9.25,3.28,"Pred",NA
"Endikai Lk.",NA,"LWF",4132,-27.97,7.94,3.66,"Pred",NA
"Endikai Lk.",NA,"LWF",4133,-25.12,7.78,3.84,"Pred",NA
"Endikai Lk.",NA,"LWF",4134,-27.4,8.13,3.57,"Pred",NA
"Endikai Lk.",NA,"LWF",4135,-29,9.29,4.45,"Pred",NA
"Endikai Lk.",NA,"LWF",4136,-27.86,9.3,3.69,"Pred",NA
"Endikai Lk.",NA,"LT",4336,-26.07,10.45,3.26,"Pred",NA
"Endikai Lk.",NA,"LWF",4337,-28.71,8.4,3.84,"Pred",NA
"Endikai Lk.",NA,"LWF",4338,-26.85,8.47,3.44,"Pred",NA
"Endikai Lk.",NA,"LWF",4339,-28.08,8.75,3.47,"Pred",NA
"Endikai Lk.",NA,"NP",4340,-25.54,9.01,3.17,"Pred",NA
"Endikai Lk.",NA,"NP",4341,-24.58,10.36,3.27,"Pred",NA
"Endikai Lk.",NA,"NP",4342,-25.15,9.67,3.28,"Pred",NA
"Endikai Lk.",NA,"NP",4343,-23.55,10.63,3.27,"Pred",NA
"Endikai Lk.",NA,"WALL",4344,-25.99,9.88,3.23,"Pred",NA
"Endikai Lk.",NA,"WALL",4345,-25.28,10.53,3.22,"Pred",NA
"Endikai Lk.",NA,"WALL",4346,-24.25,10.65,3.2,"Pred",NA
"Endikai Lk.",NA,"WS",4347,-23.17,7.3,3.49,"Pred",NA
"Endikai Lk.",NA,"WS",4348,-28.24,7.32,3.34,"Pred",NA
"Endikai Lk.",NA,"NP",4351,-23.13,9.16,3.28,"Pred",NA
"Endikai Lk.",NA,"SNAIL",6499,-21.24,2.65,4.28,NA,NA
"Endikai Lk.",NA,"TRICHOPT",6500,-27.23,1.88,6.36,NA,NA
"Fairbank Lk.",NA,"HEPTAGEN",18070,-22.51,0.26,4.8,NA,NA
"Fairbank Lk.",NA,"HEPTAGEN",18071,-24.57,0.82,4.68,NA,NA
"Fairbank Lk.",NA,"HEPTAGEN",18072,-24.42,0.65,4.63,NA,NA
"Fairbank Lk.",NA,"HEPTAGEN",18073,-23.62,0.49,4.65,NA,NA
"Fairbank Lk.",NA,"HEPTAGEN",18074,-24.42,0.42,4.77,NA,NA
"Fairbank Lk.",NA,"YPERCH",18104,-27.08,5.78,3.24,"Prey",NA
"Fairbank Lk.",NA,"YPERCH",18105,-27.43,5.8,3.31,"Prey",NA
"Fairbank Lk.",NA,"YPERCH",18106,-19.95,6.52,3.18,"Prey",NA
"Fairbank Lk.",NA,"YPERCH",18107,-20.83,6.49,3.13,"Prey",NA
"Fairbank Lk.",NA,"YPERCH",18108,-26.29,5.82,3.3,"Prey",NA
"Fairbank Lk.",NA,"YPERCH",18109,-22.58,6.55,3.14,"Prey",NA
"Fairbank Lk.",NA,"YPERCH",18110,-27.46,5.95,3.39,"Prey",NA
"Fairbank Lk.",NA,"YPERCH",18111,-25.22,5.39,3.21,"Prey",NA
"Fairbank Lk.",NA,"YPERCH",18112,-24.23,6.45,3.14,"Prey",NA
"Fairbank Lk.",NA,"YPERCH",18113,-21.47,6.22,3.12,"Prey",NA
"Fairbank Lk.",NA,"RBASS",18122,-19.82,5.59,3.25,"Prey",NA
"Fairbank Lk.",NA,"RBASS",18123,-22.48,6.14,3.3,"Prey",NA
"Fairbank Lk.",NA,"RBASS",18124,-19.66,6.17,3.19,"Prey",NA
"Fairbank Lk.",NA,"RBASS",18125,-20.16,7.13,3.27,"Prey",NA
"Fairbank Lk.",NA,"RBASS",18126,-21.14,7.25,3.13,"Prey",NA
"Fairbank Lk.",NA,"RBASS",18127,-21.07,6.59,3.11,"Prey",NA
"Fairbank Lk.",NA,"RBASS",18128,-18.82,6.25,3.09,"Prey",NA
"Fairbank Lk.",NA,"RBASS",18129,-20.67,6.91,3.09,"Prey",NA
"Fairbank Lk.",NA,"RBASS",18130,-20.4,6.88,3.13,"Prey",NA
"Fairbank Lk.",NA,"RBASS",18131,-19.28,6.84,3.12,"Prey",NA
"Fairbank Lk.",NA,"COSHINER",18171,-27.2,6.83,3.42,"Prey",NA
"Fairbank Lk.",NA,"COSHINER",18172,-24.75,5.57,3.5,"Prey",NA
"Fairbank Lk.",NA,"COSHINER",18173,-27.25,6.23,3.47,"Prey",NA
"Fairbank Lk.",NA,"COSHINER",18174,-26.97,5.2,3.55,"Prey",NA
"Fairbank Lk.",NA,"COSHINER",18175,-23.62,5.86,3.44,"Prey",NA
"Fairbank Lk.",NA,"COSHINER",18176,-26.71,6.29,3.44,"Prey",NA
"Fairbank Lk.",NA,"COSHINER",18177,-27.29,5.75,3.62,"Prey",NA
"Fairbank Lk.",NA,"COSHINER",18178,-28.52,7.44,3.78,"Prey",NA
"Fairbank Lk.",NA,"COSHINER",18179,-26.9,6.68,3.48,"Prey",NA
"Fairbank Lk.",NA,"COSHINER",18180,-26.67,6.52,3.66,"Prey",NA
"Fairbank Lk.",NA,"BNMIN",18192,-24.68,5.4,3.59,"Prey",NA
"Fairbank Lk.",NA,"BNMIN",18193,-22.69,5.37,3.62,"Prey",NA
"Fairbank Lk.",NA,"BNMIN",18194,-23.04,5.29,3.47,"Prey",NA
"Fairbank Lk.",NA,"BNMIN",18195,-21.37,5.96,3.44,"Prey",NA
"Fairbank Lk.",NA,"BNMIN",18196,-22.26,5.77,3.39,"Prey",NA
"Fairbank Lk.",NA,"BNMIN",18197,-27.03,7.03,3.5,"Prey",NA
"Fairbank Lk.",NA,"BNMIN",18198,-21.86,5.94,3.36,"Prey",NA
"Fairbank Lk.",NA,"BNMIN",18199,-25.58,6.11,3.33,"Prey",NA
"Fairbank Lk.",NA,"BNMIN",18200,-23.39,5.7,3.42,"Prey",NA
"Fairbank Lk.",NA,"BNMIN",18201,-22.58,5.73,3.47,"Prey",NA
"Fairbank Lk.",NA,"SMB",18222,-19.53,5.61,3.16,"Prey",NA
"Fairbank Lk.",NA,"SMB",18223,-20.52,6.19,3.16,"Prey",NA
"Fairbank Lk.",NA,"SMB",18224,-20,6.59,3.13,"Prey",NA
"Fairbank Lk.",NA,"SMB",18225,-23.35,6,3.23,"Prey",NA
"Fairbank Lk.",NA,"SMB",18226,-22.31,5.23,3.24,"Prey",NA
"Fairbank Lk.",NA,"SMB",18227,-23.38,5.62,3.21,"Prey",NA
"Fairbank Lk.",NA,"SMB",18228,-22.45,5.49,3.23,"Prey",NA
"Fairbank Lk.",NA,"SMB",18229,-22.72,6.07,3.21,"Prey",NA
"Fairbank Lk.",NA,"SMB",18230,-23.2,6.47,3.24,"Prey",NA
"Fairbank Lk.",NA,"SMB",18231,-22.96,6.13,3.18,"Prey",NA
"Fairbank Lk.",NA,"SPSHINER",18245,-25.77,6.74,3.06,"Prey",NA
"Fairbank Lk.",NA,"SPSHINER",18246,-26.31,7.31,3.09,"Prey",NA
"Fairbank Lk.",NA,"SPSHINER",18247,-25.4,5.69,3.2,"Prey",NA
"Fairbank Lk.",NA,"SPSHINER",18248,-24.19,7.16,3.16,"Prey",NA
"Fairbank Lk.",NA,"SPSHINER",18268,-26.73,6,3.4,"Prey",NA
"Fairbank Lk.",NA,"SPSHINER",18269,-26.23,5.44,3.41,"Prey",NA
"Fairbank Lk.",NA,"SPSHINER",18270,-25.91,5.98,3.36,"Prey",NA
"Fairbank Lk.",NA,"SPSHINER",18271,-27.69,6.33,3.48,"Prey",NA
"Fairbank Lk.",NA,"SPSHINER",18272,-25.13,5.66,3.32,"Prey",NA
"Fairbank Lk.",NA,"SPSHINER",18273,-26.01,5.59,3.35,"Prey",NA
"Fairbank Lk.",NA,"CISCO",18378,-29.76,7.93,3.52,"Prey",NA
"Fairbank Lk.",NA,"CISCO",18379,-28.38,6.86,3.3,"Prey",NA
"Fairbank Lk.",NA,"CISCO",18380,-29.33,7.29,3.42,"Prey",NA
"Fairbank Lk.",NA,"CISCO",18381,-29.2,7.82,3.46,"Prey",NA
"Fairbank Lk.",NA,"SLSCULP",18721,-25.83,8.22,4.11,"Prey",NA
"Fairbank Lk.",NA,"DWSCULP",18722,-27.17,9.36,3.31,"Prey",NA
"Fairbank Lk.",NA,"DWSCULP",18723,-27.24,9.49,3.36,"Prey",NA
"Fairbank Lk.",NA,"SLSCULP",18724,-22.92,8.04,3.28,"Prey",NA
"Fairbank Lk.",NA,"SLSCULP",18725,-20.5,6.72,3.68,"Prey",NA
"Fairbank Lk.",NA,"SLSCULP",18726,-23.96,8.41,3.65,"Prey",NA
"Fairbank Lk.",NA,"SLSCULP",18727,-27.14,9.78,4.11,"Prey",NA
"Fairbank Lk.",NA,"SLSCULP",18728,-21.33,6.65,3.37,"Prey",NA
"Fairbank Lk.",NA,"SLSCULP",18729,-24.98,9.48,3.33,"Prey",NA
"Fairbank Lk.",NA,NA,18730,NA,NA,NA,NA,NA
"Fairbank Lk.",NA,"COSHINER",18752,-29.26,5.12,4.72,"Prey",NA
"Fairbank Lk.",NA,"COSHINER",18753,-27.84,5.39,4.18,"Prey",NA
"Fairbank Lk.",NA,"COSHINER",18754,-27.59,5.55,4.31,"Prey",NA
"Fairbank Lk.",NA,"COSHINER",18755,-24.76,5.11,3.83,"Prey",NA
"Fairbank Lk.",NA,"COSHINER",18756,-26.42,5.59,4.12,"Prey",NA
"Fairbank Lk.",NA,"COSHINER",18757,-31.58,7.07,4.61,"Prey",NA
"Fairbank Lk.",NA,"COSHINER",18758,-29.12,5.15,4.11,"Prey",NA
"Fairbank Lk.",NA,"COSHINER",18759,-27.21,5.86,4.38,"Prey",NA
"Fairbank Lk.",NA,"COSHINER",18760,-27.19,5.99,4.12,"Prey",NA
"Fairbank Lk.",NA,"COSHINER",18761,-30.77,6.92,4.38,"Prey",NA
"Fairbank Lk.",NA,"DWSCULP",18823,-27.07,9.66,3.19,"Prey",NA
"Fairbank Lk.",NA,"DWSCULP",18824,-27.83,8.87,3.33,"Prey",NA
"Fairbank Lk.",NA,"SLSCULP",18825,-26.15,9.54,3.12,"Prey",NA
"Fairbank Lk.",NA,"DWSCULP",18826,-26.94,9.58,3.15,"Prey",NA
"Fairbank Lk.",NA,"DWSCULP",18827,-26.9,9.28,3.13,"Prey",NA
"Fairbank Lk.",NA,"SLSCULP",18828,-24.79,8.77,3.2,"Prey",NA
"Fairbank Lk.",NA,"SLSCULP",18829,-27.97,8.57,3.65,"Prey",NA
"Fairbank Lk.",NA,"DWSCULP",18830,-27.38,8.59,3.23,"Prey",NA
"Fairbank Lk.",NA,"SPSCULP",18831,-27.13,6.66,3.5,"Prey",NA
"Fairbank Lk.",NA,"DWSCULP",18832,-26.59,9.34,3.15,"Prey",NA
"Tadenac Lk.",NA,"MAYFLY",9794,-23.42,1.21,4.89,NA,NA
"Tadenac Lk.",NA,"NP",10160,-26.72,9,3.18,"Pred",NA
"Tadenac Lk.",NA,"NP",10161,-26.46,10.27,3.15,"Pred",NA
"Tadenac Lk.",NA,"NP",10162,-26.4,10.17,3.13,"Pred",NA
"Tadenac Lk.",NA,"NP",10163,-26.25,10.93,3.16,"Pred",NA
"Tadenac Lk.",NA,"NP",10164,-25.7,10.31,3.14,"Pred",NA
"Tadenac Lk.",NA,"NP",10165,-26.06,10.03,3.16,"Pred",NA
"Tadenac Lk.",NA,"NP",10166,-26.58,11.05,3.12,"Pred",NA
"Tadenac Lk.",NA,"NP",10167,-26.71,10.87,3.18,"Pred",NA
"Tadenac Lk.",NA,"NP",10168,-26.15,11.81,3.13,"Pred",NA
"Tadenac Lk.",NA,"SMB",10169,-25.67,10.04,3.21,"Pred",NA
"Tadenac Lk.",NA,"SMB",10170,-26.32,10.46,3.43,"Pred",NA
"Tadenac Lk.",NA,"SMB",10171,-26.33,10.29,3.21,"Pred",NA
"Tadenac Lk.",NA,"SMB",10172,-25.75,9.49,3.12,"Pred",NA
"Tadenac Lk.",NA,"SMB",10173,-25.78,8.26,3.16,"Pred",NA
"Tadenac Lk.",NA,"SMB",10174,-25.17,8.67,3.15,"Pred",NA
"Tadenac Lk.",NA,"SMB",10175,-25.68,9.53,3.17,"Pred",NA
"Tadenac Lk.",NA,"SMB",10176,-26.41,9.98,3.31,"Pred",NA
"Tadenac Lk.",NA,"SMB",10177,-25.1,9.47,3.31,"Pred",NA
"Tadenac Lk.",NA,"SMB",10178,-26.28,9.84,3.2,"Pred",NA
"Tadenac Lk.",NA,"SMB",10180,-25.55,10.35,3.19,"Pred",NA
"Tadenac Lk.",NA,"SMB",10181,-25.43,9.02,3.15,"Prey",NA
"Tadenac Lk.",NA,"SMB",10182,-25.17,9.22,3.23,"Prey",NA
"Tadenac Lk.",NA,"SMB",10183,-25.5,9.28,3.14,"Prey",NA
"Tadenac Lk.",NA,"YPERCH",10184,-30.31,6.97,3.18,"Prey",NA
"Tadenac Lk.",NA,"NP",10185,-26.44,10.04,3.11,"Pred",NA
"Tadenac Lk.",NA,"YPERCH",10186,-29.39,9.07,3.24,"Pred",NA
"Tadenac Lk.",NA,"YPERCH",10187,-27.02,7.62,3.19,"Prey",NA
"Tadenac Lk.",NA,"YPERCH",10188,-25.77,7.58,3.19,"Prey",NA
"Tadenac Lk.",NA,"YPERCH",10189,-26.99,7.64,3.3,"Prey",NA
"Tadenac Lk.",NA,"YPERCH",10190,-26.79,7.35,3.14,"Prey",NA
"Tadenac Lk.",NA,"YPERCH",10191,-26.83,8.41,3.24,"Prey",NA
"Tadenac Lk.",NA,"YPERCH",10192,-26.34,7.72,3.28,"Prey",NA
"Tadenac Lk.",NA,"YPERCH",10193,-25.64,8.16,3.26,"Prey",NA
"Tadenac Lk.",NA,"PSEED",10194,-27.71,7.86,3.17,"Prey",NA
"Tadenac Lk.",NA,"PSEED",10195,-29.96,6.46,3.14,"Prey",NA
"Tadenac Lk.",NA,"PSEED",10196,-27.84,6.84,3.2,"Prey",NA
"Tadenac Lk.",NA,"PSEED",10197,-27.81,7.37,3.19,"Prey",NA
"Tadenac Lk.",NA,"RSMELT",10198,-30.12,10.28,3.36,"Prey",NA
"Tadenac Lk.",NA,"RSMELT",10199,-30.59,9.98,3.56,"Prey",NA
"Tadenac Lk.",NA,"RSMELT",10200,-29.65,9.63,3.29,"Prey",NA
"Tadenac Lk.",NA,"RSMELT",10201,-30.44,9.56,3.36,"Prey",NA
"Tadenac Lk.",NA,"RSMELT",10202,-28.27,10.93,3.43,"Prey",NA
"Tadenac Lk.",NA,"RSMELT",10203,-27.75,10.86,3.47,"Prey",NA
"Tadenac Lk.",NA,"RSMELT",10204,-27.78,10.61,3.54,"Prey",NA
"Tadenac Lk.",NA,"RSMELT",10205,-28.2,10.55,3.49,"Prey",NA
"Tadenac Lk.",NA,"RSMELT",10206,-27.62,11.85,3.49,"Pred",NA
"Tadenac Lk.",NA,"RSMELT",10207,-27.86,11.58,3.7,"Pred",NA
"Tadenac Lk.",NA,"RBASS",10208,-26.29,9.01,3.34,"Prey",NA
"Tadenac Lk.",NA,"RBASS",10209,-26.89,9.28,3.37,"Prey",NA
"Tadenac Lk.",NA,"RBASS",10210,-27.91,9.92,3.21,"Prey",NA
"Tadenac Lk.",NA,"RBASS",10211,-26.21,9.75,3.24,"Prey",NA
"Tadenac Lk.",NA,"RBASS",10212,-26.57,10.21,3.19,"Prey",NA
"Tadenac Lk.",NA,"RBASS",10213,-26.87,10.9,3.13,"Prey",NA
"Tadenac Lk.",NA,"RBASS",10214,-27.6,11.26,3.18,"Prey",NA
"Tadenac Lk.",NA,"RBASS",10215,-26.77,10.62,3.16,"Prey",NA
"Tadenac Lk.",NA,"RBASS",10216,-25.48,9.14,3.13,"Prey",NA
"Tadenac Lk.",NA,"RBASS",10217,-24.57,9.31,3.11,"Prey",NA
"Tadenac Lk.",NA,"BNMIN",10218,-23.94,7.97,3.62,"Prey",NA
"Tadenac Lk.",NA,"BNMIN",10219,-26.7,7.33,3.4,"Prey",NA
"Tadenac Lk.",NA,"BNMIN",10220,-24.07,8.38,3.35,"Prey",NA
"Tadenac Lk.",NA,"BNMIN",10221,-22.37,6.97,3.46,"Prey",NA
"Tadenac Lk.",NA,"BNMIN",10222,-26.01,8.19,3.39,"Prey",NA
"Tadenac Lk.",NA,"BNMIN",10223,-26.39,7.9,3.41,"Prey",NA
"Tadenac Lk.",NA,"BNMIN",10224,-27.01,7.06,3.57,"Prey",NA
"Tadenac Lk.",NA,"BNMIN",10225,-25.64,7.89,3.41,"Prey",NA
"Tadenac Lk.",NA,"BNMIN",10226,-26.96,7.15,3.42,"Prey",NA
"Tadenac Lk.",NA,"BNMIN",10227,-25.29,7.48,3.47,"Prey",NA
"Tadenac Lk.",NA,"ALEWIFE",10228,-28.29,8.82,3.35,"Prey",NA
"Tadenac Lk.",NA,"ALEWIFE",10229,-26.98,8.67,3.31,"Prey",NA
"Tadenac Lk.",NA,"ALEWIFE",10230,-27.77,7.67,3.38,"Prey",NA
"Tadenac Lk.",NA,"ALEWIFE",10231,-28.02,8.39,3.31,"Prey",NA
"Tadenac Lk.",NA,"ALEWIFE",10232,-27.54,8.34,3.32,"Prey",NA
"Tadenac Lk.",NA,"ALEWIFE",10233,-27.55,7.21,3.4,"Prey",NA
"Tadenac Lk.",NA,"ALEWIFE",10234,-27.89,7.02,3.4,"Prey",NA
"Tadenac Lk.",NA,"ALEWIFE",10235,-27.28,6.61,3.37,"Prey",NA
"Tadenac Lk.",NA,"ALEWIFE",10236,-27.97,6.67,3.37,"Prey",NA
"Tadenac Lk.",NA,"ALEWIFE",10237,-27.6,7.09,3.44,"Prey",NA
"Tadenac Lk.",NA,"COSHINER",10238,-26.67,7.2,3.28,"Prey",NA
"Tadenac Lk.",NA,"COSHINER",10239,-26.53,7.36,3.31,"Prey",NA
"Tadenac Lk.",NA,"COSHINER",10240,-24.74,7.05,3.21,"Prey",NA
"Tadenac Lk.",NA,"COSHINER",10241,-26.63,7.17,3.43,"Prey",NA
"Tadenac Lk.",NA,"COSHINER",10242,-26.23,6.69,3.34,"Prey",NA
"Tadenac Lk.",NA,"COSHINER",10243,-26.59,7.14,3.41,"Prey",NA
"Tadenac Lk.",NA,"COSHINER",10244,-26.06,7.58,3.33,"Prey",NA
"Tadenac Lk.",NA,"COSHINER",10245,-26.1,7.38,3.31,"Prey",NA
"Tadenac Lk.",NA,"GOSHINER",10246,-27.74,6.57,3.31,"Prey",NA
"Tadenac Lk.",NA,"SLSCULP",10247,-29.19,10.11,3.49,"Prey",NA
"Tadenac Lk.",NA,"NSSTICK",10248,-29.94,10.11,4.18,"Prey",NA
"Tadenac Lk.",NA,"NSSTICK",10249,-31.72,10.12,3.97,"Prey",NA
"Tadenac Lk.",NA,"NP",10302,-27.02,9.62,3.17,"Pred",NA
"Tadenac Lk.",NA,"NP",10303,-26.21,11.1,3.2,"Pred",NA
"Tadenac Lk.",NA,"NP",10304,-27.1,9.5,3.21,"Pred",NA
"Tadenac Lk.",NA,"NP",10305,-26.92,10.14,3.14,"Pred",NA
"Tadenac Lk.",NA,"NP",10306,-26.53,10.58,3.23,"Pred",NA
"Tadenac Lk.",NA,"NP",10307,-27.59,9.68,3.22,"Pred",NA
"Tadenac Lk.",NA,"NP",10308,-28.16,9.01,3.21,"Pred",NA
"Tadenac Lk.",NA,"NP",10309,-27.16,9.86,3.16,"Pred",NA
"Tadenac Lk.",NA,"NP",10310,-27.1,9.99,3.17,"Pred",NA
"Tadenac Lk.",NA,"NP",10311,-26.79,9.76,3.19,"Pred",NA
"Tadenac Lk.",NA,"YPERCH",10312,-25.98,7.86,3.18,"Prey",NA
"Tadenac Lk.",NA,"YPERCH",10313,-26.3,8.09,3.12,"Prey",NA
"Tadenac Lk.",NA,"YPERCH",10314,-28.54,8.85,3.3,"Prey",NA
"Tadenac Lk.",NA,"YPERCH",10315,-30.3,8.74,3.27,"Prey",NA
"Tadenac Lk.",NA,"YPERCH",10316,-28.85,7.72,3.26,"Prey",NA
"Tadenac Lk.",NA,"YPERCH",10317,-22.41,7.58,3.23,"Prey",NA
"Tadenac Lk.",NA,"YPERCH",10318,-27.02,6.86,3.26,"Prey",NA
"Tadenac Lk.",NA,"YPERCH",10446,-27.06,8.74,3.39,"Prey",NA
"Tadenac Lk.",NA,"CLAM",11358,-27.65,3.26,4.12,"Prey",NA
"Tadenac Lk.",NA,"CLAM",11359,-28.61,4.76,3.88,"Prey",NA
"Tadenac Lk.",NA,"CLAM",11360,-27.9,3.45,4.37,"Prey",NA
"Tadenac Lk.",NA,"CLAM",11361,-30.08,4.19,5.29,"Prey",NA
"Tadenac Lk.",NA,"CLAM",11362,-27.11,3.2,4.21,"Prey",NA
"Tadenac Lk.",NA,"CLAM",11363,-27.92,3.49,4.47,"Prey",NA
"Tadenac Lk.",NA,"CLAM",11364,-26.93,3.47,3.96,"Prey",NA
"Tadenac Lk.",NA,"CLAM",11365,-27.67,3.46,4.26,"Prey",NA
"Tadenac Lk.",NA,"CLAM",11366,-26.84,3.27,4.11,"Prey",NA
"Tadenac Lk.",NA,"CLAM",11367,-27.25,3.4,3.87,"Prey",NA
"Tadenac Lk.",NA,"SLSCULP",11391,-28.26,8.75,4.13,"Prey",NA
"Tadenac Lk.",NA,"SLSCULP",11392,-30.05,10.87,3.44,"Prey",NA
"Tadenac Lk.",NA,"SLSCULP",11393,-28.56,10.38,3.46,"Prey",NA
"Tadenac Lk.",NA,"SLSCULP",11394,-27.68,10.4,3.7,"Prey",NA
"Tadenac Lk.",NA,"SLSCULP",11395,-26.73,9.72,3.57,"Prey",NA
"Tadenac Lk.",NA,"SLSCULP",11396,-26.04,9.12,3.3,"Prey",NA
"Tadenac Lk.",NA,"SLSCULP",11397,-28.16,10.38,3.57,"Prey",NA
"Tadenac Lk.",NA,"SLSCULP",11398,-27.51,9.13,3.51,"Prey",NA
"Tadenac Lk.",NA,"SLSCULP",11399,-28.49,10.58,3.48,"Prey",NA
"Tadenac Lk.",NA,"SLSCULP",11400,-29.8,11.49,3.55,"Prey",NA
"Tadenac Lk.",NA,"EPHEMERI",11431,-26.59,2.74,4.36,NA,NA
"Tadenac Lk.",NA,"EPHEMERI",11432,-27.39,3.87,4.59,NA,NA
"Tadenac Lk.",NA,"EPHEMERI",11433,-28.04,4.64,4.61,NA,NA
"Tadenac Lk.",NA,"EPHEMERI",11434,-25.97,3.8,4.36,NA,NA
"Tadenac Lk.",NA,"EPHEMERI",11435,-28.03,4.06,4.1,NA,NA
"Tadenac Lk.",NA,"EPHEMERI",11436,-29.01,4.69,4.33,NA,NA
"Richardson Lk.",NA,"YPERCH",NA,-28.063286,7.185592,3.389703053,"Prey",-28.02747998
"Richardson Lk.",NA,"YPERCH",NA,-27.113797,7.751646,3.279272917,"Prey",-27.18731696
"Richardson Lk.",NA,"YPERCH",NA,-26.276793,7.655989,3.168298283,"Prey",-26.46017773
"Richardson Lk.",NA,"YPERCH",NA,-25.840493,7.464675,3.235540443,"Prey",-25.9573084
"Richardson Lk.",NA,"YPERCH",NA,-25.713209,8.354187,3.190111149,"Prey",-25.87499869
"Richardson Lk.",NA,"YPERCH",NA,-25.828826,7.256596,3.346579222,"Prey",-25.83571265
"Richardson Lk.",NA,"YPERCH",NA,-25.129717,7.227997,3.238764588,"Prey",-25.24333964
"Richardson Lk.",NA,"YPERCH",NA,-25.030396,7.947891,3.26214023,"Prey",-25.12087749
"Richardson Lk.",NA,"YPERCH",NA,-24.64061,6.92722,3.19564553,"Prey",-24.7969209
"Richardson Lk.",NA,"YPERCH",NA,-24.443739,7.851248,3.196738225,"Prey",-24.59896846
"Richardson Lk.",NA,"YPERCH",NA,-23.838625,7.354225,3.37415661,"Prey",-23.8182102
"Richardson Lk.",NA,"YPERCH",NA,-23.339597,6.653068,3.263338731,"Prey",-23.4288914
"Richardson Lk.",NA,"YPERCH",NA,-22.918442,7.390713,3.283662294,"Prey",-22.98761652
"Richardson Lk.",NA,"YPERCH",NA,-22.51327,7.459744,3.231427056,"Prey",-22.6341571
"Richardson Lk.",NA,"YPERCH",NA,-22.493465,7.118534,3.291521268,"Prey",-22.55485887
"Richardson Lk.",NA,"TRICHOPT",NA,-24.310277,1.065832,6.368812948,NA,-21.32515218
"Richardson Lk.",NA,"TRICHOPT",NA,-21.483337,0.774136,6.329775123,NA,-18.53685923
"Richardson Lk.",NA,"MAYFLY",NA,-25.215266,3.247864,4.262485503,NA,-24.31540507
"Richardson Lk.",NA,"SNAIL",NA,-17.46507,1.533382,3.848512886,NA,-16.97504218
"Richardson Lk.",NA,"CLAM",NA,-30.801933,2.019227,4.20388183,"Prey",-29.96009001
"Richardson Lk.",NA,"ZOOP",NA,-32.220675,2.235965,7.467380967,NA,-28.14796768
"Richardson Lk.",NA,"CISCO",NA,-34.958662,9.407735,5.115872349,"Prey",-33.21394857
"Richardson Lk.",NA,"CISCO",NA,-33.565768,9.259292,4.133177185,"Prey",-32.79392307
"Richardson Lk.",NA,"CISCO",NA,-32.326591,9.435397,3.86851285,"Prey",-31.8167632
"Richardson Lk.",NA,"LWF",NA,-30.500884,9.044532,3.772773775,"Pred",-30.08583767
"Richardson Lk.",NA,"LWF",NA,-31.772433,9.981974,5.725809433,"Pred",-29.4238816
"Richardson Lk.",NA,"LWF",NA,-29.222259,9.426386,3.194500023,"Pred",-29.37970446
"Richardson Lk.",NA,"LWF",NA,-29.028498,10.186219,3.519430035,"Pred",-28.86426222
"Richardson Lk.",NA,"LWF",NA,-29.245322,10.158684,3.875281471,"Pred",-28.72879348
"Richardson Lk.",NA,"LWF",NA,-28.348977,9.24017,3.942486483,"Pred",-27.76591568
"Richardson Lk.",NA,"LWF",NA,-31.22688,9.465725,3.418818264,NA,-31.16224963
"Richardson Lk.",NA,"RSMELT",NA,-28.93942,9.853055,3.375982449,"Prey",-28.91719697
"Richardson Lk.",NA,"LT",NA,-29.675209,11.457049,4.660336366,"Pred",-28.38147574
"Richardson Lk.",NA,"LT",NA,-28.86369,11.233763,3.728352151,NA,-28.4926215
"Richardson Lk.",NA,"NP",NA,-27.052712,9.794961,3.181512691,"Pred",-27.22301405
"Richardson Lk.",NA,"NP",NA,-26.871313,9.799694,3.119838878,"Pred",-27.10267248
"Richardson Lk.",NA,"NP",NA,-25.944469,9.477482,3.092009044,"Pred",-26.20337957
"Richardson Lk.",NA,"NP",NA,-25.928908,9.724944,3.156271651,"Pred",-26.12419938
"Richardson Lk.",NA,"NP",NA,-25.875281,9.771294,3.131518198,"Pred",-26.09507802
"Richardson Lk.",NA,"NP",NA,-25.789,10.234826,3.185621739,"Pred",-25.9552349
"Richardson Lk.",NA,"NP",NA,-25.73838,9.080834,3.324298294,"Pred",-25.7673245
"Richardson Lk.",NA,"NP",NA,-25.464474,9.237761,3.173206224,"Pred",-25.64299942
"Richardson Lk.",NA,"NP",NA,-26.617882,9.308698,3.136716987,NA,-26.83253183
"Richardson Lk.",NA,"NP",NA,-25.750994,9.121417,3.199916699,NA,-25.9030763
"Richardson Lk.",NA,"SMB",NA,-26.025661,9.768335,3.213631928,"Pred",-26.16416559
"Richardson Lk.",NA,"SMB",NA,-25.91698,9.914286,3.125594412,"Pred",-26.14264174
"Richardson Lk.",NA,"SMB",NA,-26.238933,9.528784,3.571844955,"Pred",-26.02280664
"Richardson Lk.",NA,"SMB",NA,-25.919143,9.637176,3.316722638,"Pred",-25.95558803
"Richardson Lk.",NA,"SMB",NA,-25.545228,9.45839,3.237883277,"Pred",-25.65972386
"Richardson Lk.",NA,"SMB",NA,-25.043477,9.204329,3.183566731,"Pred",-25.21174557
"Richardson Lk.",NA,"SMB",NA,-24.682855,9.621398,3.214729608,"Pred",-24.8202731
"Richardson Lk.",NA,"SMB",NA,-23.751407,8.756817,3.294030456,"Pred",-23.81031646
"Richardson Lk.",NA,"SMB",NA,-26.064905,9.554721,3.211340171,NA,-26.20567845
"Richardson Lk.",NA,"SMB",NA,-22.571767,8.543199,3.348960014,NA,-22.57629633
"Richardson Lk.",NA,"WALL",NA,-28.257588,9.70305,3.600209617,"Pred",-28.01338016
"Richardson Lk.",NA,"WALL",NA,-27.821115,10.179562,3.266523155,"Pred",-27.907257
"Richardson Lk.",NA,"WALL",NA,-27.580407,9.706802,3.12525551,"Pred",-27.80640385
"Richardson Lk.",NA,"WALL",NA,-27.595597,9.728889,3.145588391,"Pred",-27.80146423
"Richardson Lk.",NA,"WALL",NA,-27.723319,9.800878,3.295958458,"Pred",-27.7803206
"Richardson Lk.",NA,"WALL",NA,-27.487078,9.799892,3.082907202,"Pred",-27.75499961
"Richardson Lk.",NA,"WALL",NA,-27.513488,9.713648,3.113770979,"Pred",-27.75085508
"Richardson Lk.",NA,"WALL",NA,-27.60686,9.802413,3.211372738,"Pred",-27.74760119
"Richardson Lk.",NA,"WALL",NA,-27.485589,9.778197,3.11177757,"Pred",-27.72492952
"Richardson Lk.",NA,"WALL",NA,-27.539342,9.514271,3.176657691,"Pred",-27.71445091
"Richardson Lk.",NA,"WALL",NA,-27.435616,9.869404,3.160301174,"Pred",-27.62691801
"Richardson Lk.",NA,"WALL",NA,-27.394628,9.587509,3.119187043,"Pred",-27.62663235
"Richardson Lk.",NA,"WALL",NA,-27.41007,9.820365,3.175939433,"Pred",-27.58588959
"Richardson Lk.",NA,"WALL",NA,-27.362287,9.527195,3.151853655,"Pred",-27.56195173
"Richardson Lk.",NA,"WALL",NA,-27.311984,9.722972,3.162058781,"Pred",-27.50154615
"Richardson Lk.",NA,"WALL",NA,-27.158176,9.894563,3.119565891,"Pred",-27.38980625
"Richardson Lk.",NA,"WALL",NA,-27.540958,9.319006,3.127598499,NA,-27.76463545
"Richardson Lk.",NA,"WALL",NA,-27.631631,10.055953,3.271100314,NA,-27.71324158
"Richardson Lk.",NA,"WALL",NA,-27.364665,9.971612,3.166359316,NA,-27.54996958
