SIA SAM,FISH,WBY,REGION,YEAR,DAY,TAXON,COMP,FLEN,TLEN,RWT,Tissue,Check,Del 15N,Del 13C,C/N,Comments
23579,.,Manitou-2,.,2021,18-Aug,CLAM,1,.,71,16.21,MUSCLE,V,1.39,-31.38,3.66,.
23580,.,Manitou-2,.,2021,18-Aug,CLAM,1,.,69,16.75,MUSCLE,V,0.89,-30.46,4.00,.
23581,.,Manitou-2,.,2021,17-Aug,RBASS,1,.,45,1.61,MUSCLE,V,6.34,-28.51,3.47,.
23582,.,Manitou-2,.,2021,17-Aug,RBASS,1,.,51,1.82,MUSCLE,V,6.61,-28.63,3.39,.
23583,.,Manitou-2,.,2021,17-Aug,RBASS,1,.,58,2.78,MUSCLE,V,6.14,-28.82,3.36,.
23584,.,Manitou-2,.,2021,17-Aug,RBASS,1,.,67,4.81,MUSCLE,V,6.13,-28.78,3.30,.
23585,.,Manitou-2,.,2021,17-Aug,RBASS,1,.,76,6.41,MUSCLE,V,6.76,-27.71,3.29,.
23586,.,Manitou-2,.,2021,17-Aug,CISCO,1,.,80,.,MUSCLE,V,5.16,-30.79,3.30,.
23587,.,Manitou-2,.,2021,17-Aug,CISCO,1,.,95,.,MUSCLE,V,5.46,-31.29,3.42,.
23588,.,Manitou-2,.,2021,17-Aug,CISCO,1,.,112,9.53,MUSCLE,V,6.87,-30.32,3.25,.
23589,.,Manitou-2,.,2021,17-Aug,CISCO,1,.,130,14.95,MUSCLE,V,5.95,-31.91,3.53,.
23590,.,Manitou-2,.,2021,17-Aug,CISCO,1,.,188,52.50,MUSCLE,V,7.69,-30.67,3.56,.
23591,.,Manitou-2,.,2021,17-Aug,YPERCH,1,.,46,0.80,BODY,V,4.43,-30.12,3.61,.
23592,.,Manitou-2,.,2021,17-Aug,YPERCH,1,.,81,3.93,MUSCLE,V,5.41,-29.69,3.25,.
23593,.,Manitou-2,.,2021,17-Aug,YPERCH,1,.,86,4.88,MUSCLE,V,5.56,-30.45,3.20,.
23594,.,Manitou-2,.,2021,17-Aug,YPERCH,1,.,111,13.18,MUSCLE,V,6.24,-28.36,3.25,.
23595,.,Manitou-2,.,2021,17-Aug,YPERCH,1,.,128,18.95,MUSCLE,V,6.73,-26.61,3.22,.
23596,.,Manitou-2,.,2021,18-Aug,SLSCULP,3,.,43,0.75,BODY,V,6.95,-31.09,4.26,.
23597,.,Manitou-2,.,2021,18-Aug,SLSCULP,1,.,55,1.46,MUSCLE,V,7.93,-30.86,3.54,.
23598,.,Manitou-2,.,2021,18-Aug,SLSCULP,1,.,56,1.33,MUSCLE,V,7.17,-30.19,3.72,.
23599,.,Manitou-2,.,2021,18-Aug,SLSCULP,1,.,62,1.76,MUSCLE,V,7.10,-29.78,3.49,.
23600,.,Manitou-2,.,2021,18-Aug,SLSCULP,1,.,63,2.57,MUSCLE,V,7.94,-32.55,4.02,.
23601,.,Manitou-2,.,2021,18-Aug,SLSCULP,1,.,67,3.23,MUSCLE,V,6.27,-27.08,3.46,.
23602,.,Manitou-2,.,2021,18-Aug,SLSCULP,1,.,73,4.06,MUSCLE,V,8.36,-31.74,4.19,.
23603,.,Manitou-2,.,2021,18-Aug,SLSCULP,1,.,81,5.17,MUSCLE,V,8.91,-32.14,3.93,.
23604,.,Manitou-2,.,2021,18-Aug,SLSCULP,1,.,83,5.16,MUSCLE,V,8.67,-31.86,3.63,.
23605,.,Manitou-2,.,2021,18-Aug,SLSCULP,1,.,98,8.36,MUSCLE,V,8.59,-31.62,3.55,.
23606,.,Manitou-2,.,2021,17-Aug,RSMELT,1,.,106,5.64,MUSCLE,V,6.25,-30.09,3.33,.
23607,.,Manitou-2,.,2021,17-Aug,JOHNDART,1,.,51,1.05,MUSCLE,V,6.89,-21.96,3.38,.
23608,.,Manitou-2,.,2021,17-Aug,JOHNDART,1,.,61,1.49,MUSCLE,V,6.29,-27.26,3.35,.
23954,.,Manitou-2,.,2021,17-Aug,HEPTAGEN,.,.,.,.,BODY,V,-0.08,-22.87,4.61,.
23955,.,Manitou-2,.,2021,17-Aug,AMPHIPOD,.,.,.,.,BODY,V,0.20,-22.63,5.25,date assumed
25101,.,Manitou-2,.,2022,20-Jul,AMPHIPOD,40,.,.,.,BODY,V,-0.02,-22.81,4.63,Effort 32; nearshore
25102,.,Manitou-2,.,2022,20-Jul,AMPHIPOD,41,.,.,.,BODY,V,-0.01,-22.90,4.54,Effort 32; nearshore
25103,.,Manitou-2,.,2022,20-Jul,AMPHIPOD,5,.,.,.,BODY,V,3.68,-31.62,11.25,"offshore, deep (Therrien)"
25111,.,Manitou-2,.,2022,20-Jul,HEPTAGEN,26,.,.,.,BODY,V,-0.23,-24.11,5.01,.
25112,.,Manitou-2,.,2022,20-Jul,EPHEMERI,2,.,.,.,BODY,V,1.61,-24.06,4.16,.
25210,.,Manitou-2,.,2022,20-Jul,CLAM,1,.,80,29.00,MUSCLE,V,3.33,-30.86,4.18,Pyganodon grandis
25211,.,Manitou-2,.,2022,20-Jul,CLAM,1,.,81,38.30,MUSCLE,V,2.82,-31.63,3.96,Pyganodon grandis
25212,.,Manitou-2,.,2022,20-Jul,CLAM,1,.,82,35.40,MUSCLE,V,2.24,-32.14,3.96,Pyganodon grandis
25213,.,Manitou-2,.,2022,20-Jul,CLAM,1,.,76,17.50,MUSCLE,V,2.00,-32.04,4.04,Pyganodon grandis
25214,.,Manitou-2,.,2022,20-Jul,CLAM,1,.,78,25.00,MUSCLE,V,1.89,-32.52,4.13,Pyganodon grandis
25215,.,Manitou-2,.,2022,20-Jul,CLAM,1,.,75,26.00,MUSCLE,V,2.53,-31.58,4.00,Pyganodon grandis
25216,.,Manitou-2,.,2022,20-Jul,CLAM,1,.,70,25.70,MUSCLE,V,2.44,-30.97,4.13,Pyganodon grandis
25217,.,Manitou-2,.,2022,20-Jul,CLAM,1,.,78,21.10,MUSCLE,V,3.70,-31.47,4.07,Pyganodon grandis
25218,.,Manitou-2,.,2022,20-Jul,CLAM,1,.,75,23.40,MUSCLE,V,1.94,-32.55,4.15,Pyganodon grandis
25219,.,Manitou-2,.,2022,20-Jul,CLAM,1,.,68,17.60,MUSCLE,V,1.51,-32.72,4.77,Pyganodon grandis
25275,026-00-001,Manitou-2,.,2022,20-Jul,BUR,1,336,336,270.00,MUSCLE,V,10.59,-29.02,3.22,.
25276,026-00-002,Manitou-2,.,2022,20-Jul,BUR,1,361,361,210.00,MUSCLE,V,10.04,-29.05,3.22,.
25277,026-00-005,Manitou-2,.,2022,20-Jul,BUR,1,424,424,420.00,MUSCLE,V,10.68,-29.49,3.20,.
25278,026-00-008,Manitou-2,.,2022,20-Jul,BUR,1,384,384,310.00,MUSCLE,V,10.23,-29.25,3.25,.
25279,029-00-001,Manitou-2,.,2022,20-Jul,BUR,1,540,540,1800.00,MUSCLE,V,11.30,-28.23,3.22,.
25280,029-00-002,Manitou-2,.,2022,20-Jul,BUR,1,470,470,1150.00,MUSCLE,V,10.91,-28.82,3.24,.
25281,029-00-003,Manitou-2,.,2022,20-Jul,BUR,1,500,500,1000.00,MUSCLE,V,9.45,-28.55,3.21,.
25282,029-00-005,Manitou-2,.,2022,20-Jul,BUR,1,511,511,800.00,MUSCLE,V,11.05,-28.40,3.23,.
25283,029-00-006,Manitou-2,.,2022,20-Jul,BUR,1,569,569,725.00,MUSCLE,V,11.17,-29.05,3.22,.
25284,029-00-007,Manitou-2,.,2022,20-Jul,BUR,1,561,561,625.00,MUSCLE,V,10.26,-28.42,3.21,.
25285,029-00-008,Manitou-2,.,2022,20-Jul,BUR,1,685,685,500.00,MUSCLE,V,9.19,-26.09,3.22,.
25286,104-00-003,Manitou-2,.,2022,20-Jul,BUR,1,616,616,1551.00,MUSCLE,V,11.59,-29.84,3.27,.
25287,104-00-007,Manitou-2,.,2022,20-Jul,BUR,1,568,568,938.00,MUSCLE,V,10.37,-29.85,3.25,.
25288,001-00-001,Manitou-2,.,2022,20-Jul,LT,1,700,760,3841.00,MUSCLE,V,10.99,-28.26,3.37,.
25289,005-00-001,Manitou-2,.,2022,20-Jul,LT,1,507,552,1351.00,MUSCLE,V,9.59,-29.44,3.41,.
25290,006-00-009,Manitou-2,.,2022,20-Jul,LT,1,501,551,1574.00,MUSCLE,V,9.90,-30.23,3.59,.
25291,040-00-001,Manitou-2,.,2022,20-Jul,LT,1,699,766,3808.00,MUSCLE,V,11.54,-29.27,3.51,.
25292,040-00-002,Manitou-2,.,2022,20-Jul,LT,1,480,525,1161.00,MUSCLE,V,9.52,-30.91,3.85,.
25293,041-00-001,Manitou-2,.,2022,20-Jul,LT,1,411,450,763.00,MUSCLE,V,9.56,-30.66,3.48,.
25294,042-00-001,Manitou-2,.,2022,20-Jul,LT,1,442,480,868.00,MUSCLE,V,9.43,-29.76,3.68,.
25295,044-00-001,Manitou-2,.,2022,20-Jul,LT,1,262,290,153.00,MUSCLE,V,9.79,-29.42,3.18,.
25296,047-00-001,Manitou-2,.,2022,20-Jul,LT,1,330,361,348.00,MUSCLE,V,9.81,-29.93,3.24,.
25297,105-00-001,Manitou-2,.,2022,20-Jul,LT,1,690,746,3188.00,MUSCLE,V,11.75,-28.66,3.45,.
25298,007-00-001,Manitou-2,.,2022,20-Jul,SMB,1,152,156,43.00,MUSCLE,V,6.72,-26.65,3.29,.
25299,007-00-002,Manitou-2,.,2022,20-Jul,SMB,1,126,133,26.00,MUSCLE,V,6.74,-27.05,3.30,.
25300,009-00-033,Manitou-2,.,2022,20-Jul,SMB,1,162,167,55.00,MUSCLE,V,6.64,-26.18,3.27,.
25301,030-00-004,Manitou-2,.,2022,20-Jul,SMB,1,149,156,30.00,MUSCLE,V,6.86,-27.72,3.26,.
25302,041-00-005,Manitou-2,.,2022,20-Jul,SMB,1,345,364,583.00,MUSCLE,V,6.06,-25.81,3.50,.
25303,043-00-001,Manitou-2,.,2022,20-Jul,SMB,1,440,460,1162.00,MUSCLE,V,8.83,-28.27,3.24,.
25304,043-00-002,Manitou-2,.,2022,20-Jul,SMB,1,371,392,710.00,MUSCLE,V,8.07,-26.71,3.26,.
25305,045-00-002,Manitou-2,.,2022,20-Jul,SMB,1,392,412,922.00,MUSCLE,V,7.66,-26.70,3.31,.
25306,045-00-004,Manitou-2,.,2022,20-Jul,SMB,1,333,350,485.00,MUSCLE,V,7.78,-26.91,3.17,.
25307,045-00-006,Manitou-2,.,2022,20-Jul,SMB,1,266,270,259.00,MUSCLE,V,7.77,-22.19,3.23,.
25308,052-00-001,Manitou-2,.,2022,20-Jul,SMB,1,415,440,1208.00,MUSCLE,V,8.66,-28.57,3.26,.
25309,041-00-002,Manitou-2,.,2022,20-Jul,WS,1,498,535,1640.00,MUSCLE,V,6.81,-27.34,3.45,.
25310,041-00-003,Manitou-2,.,2022,20-Jul,WS,1,420,451,938.00,MUSCLE,V,5.71,-21.28,3.25,.
25311,041-00-004,Manitou-2,.,2022,20-Jul,WS,1,459,495,1239.00,MUSCLE,V,6.64,-26.00,3.55,.
25312,043-00-003,Manitou-2,.,2022,20-Jul,WS,1,450,456,933.00,MUSCLE,V,7.38,-28.18,3.46,.
25313,043-00-004,Manitou-2,.,2022,20-Jul,WS,1,530,571,1915.00,MUSCLE,V,7.69,-28.69,3.45,.
25314,.,Manitou-2,.,2022,20-Jul,WS,1,.,228,120.00,MUSCLE,V,5.50,-24.31,3.28,.
25315,043-00-006,Manitou-2,.,2022,20-Jul,WS,1,445,474,1354.00,MUSCLE,V,6.21,-24.68,3.35,.
25316,043-00-007,Manitou-2,.,2022,20-Jul,WS,1,502,533,1639.00,MUSCLE,V,6.89,-27.55,3.38,.
25317,043-00-008,Manitou-2,.,2022,20-Jul,WS,1,431,454,1135.00,MUSCLE,V,6.96,-27.48,3.37,.
25318,043-00-009,Manitou-2,.,2022,20-Jul,WS,1,356,378,630.00,MUSCLE,V,5.73,-25.23,3.26,.
25344,.,Manitou-2,.,2022,20-Jul,YPERCH,1,.,72,2.52,MUSCLE,V,6.15,-30.26,3.32,.
25345,.,Manitou-2,.,2022,20-Jul,YPERCH,1,.,78,3.42,MUSCLE,V,5.72,-30.01,3.29,.
25346,.,Manitou-2,.,2022,20-Jul,YPERCH,1,.,80,3.81,MUSCLE,V,9.82,-26.61,3.25,.
25347,.,Manitou-2,.,2022,20-Jul,YPERCH,1,.,83,4.63,MUSCLE,V,6.06,-29.56,3.26,.
25348,.,Manitou-2,.,2022,20-Jul,YPERCH,1,.,102,10.72,MUSCLE,V,6.35,-26.73,3.28,.
25349,.,Manitou-2,.,2022,20-Jul,YPERCH,1,.,115,14.93,MUSCLE,V,5.94,-28.06,3.30,.
25350,.,Manitou-2,.,2022,20-Jul,YPERCH,1,.,125,18.79,MUSCLE,V,5.78,-28.72,3.28,.
25351,.,Manitou-2,.,2022,20-Jul,RSMELT,1,.,91,3.87,MUSCLE,V,6.66,-31.25,3.42,.
25352,.,Manitou-2,.,2022,20-Jul,RSMELT,1,.,98,2.42,MUSCLE,V,7.39,-31.07,3.56,.
25353,.,Manitou-2,.,2022,20-Jul,RSMELT,1,.,96,4.94,MUSCLE,V,7.16,-31.20,3.40,.
25354,.,Manitou-2,.,2022,20-Jul,RSMELT,1,.,100,4.54,MUSCLE,V,6.72,-31.04,3.39,.
25355,.,Manitou-2,.,2022,20-Jul,RSMELT,1,.,95,5.16,MUSCLE,V,7.33,-31.24,3.40,.
25356,.,Manitou-2,.,2022,20-Jul,RSMELT,1,.,88,4.57,MUSCLE,V,6.65,-31.23,3.36,.
25357,.,Manitou-2,.,2022,20-Jul,LPERCH,1,.,68,2.01,MUSCLE,V,4.94,-30.84,3.58,.
25358,.,Manitou-2,.,2022,20-Jul,LPERCH,1,.,68,.,MUSCLE,V,5.38,-28.20,3.39,.
25359,.,Manitou-2,.,2022,20-Jul,LPERCH,1,.,70,2.04,MUSCLE,V,5.41,-24.29,3.65,.
25360,.,Manitou-2,.,2022,20-Jul,LPERCH,1,.,82,3.85,MUSCLE,V,6.23,-29.12,3.69,.
25361,.,Manitou-2,.,2022,20-Jul,LPERCH,1,.,92,5.55,MUSCLE,V,5.78,-27.04,3.32,.
25362,.,Manitou-2,.,2022,20-Jul,CISCO,1,.,103,6.87,MUSCLE,V,7.08,-31.27,3.42,.
25363,.,Manitou-2,.,2022,20-Jul,CISCO,1,.,118,10.90,MUSCLE,V,6.62,-32.27,3.38,.
25364,.,Manitou-2,.,2022,20-Jul,CISCO,1,.,128,13.24,MUSCLE,V,7.19,-33.05,3.51,.
25365,.,Manitou-2,.,2022,20-Jul,CISCO,1,.,135,18.19,MUSCLE,V,7.17,-33.73,3.59,.
25366,.,Manitou-2,.,2022,20-Jul,CISCO,1,.,138,16.24,MUSCLE,V,9.53,-33.78,3.55,.
25367,.,Manitou-2,.,2022,20-Jul,CISCO,1,.,145,18.34,MUSCLE,V,7.94,-30.39,3.24,.
25368,.,Manitou-2,.,2022,20-Jul,CISCO,1,.,190,41.86,MUSCLE,V,7.80,-30.36,3.24,.
25369,.,Manitou-2,.,2022,20-Jul,CISCO,1,.,188,44.29,MUSCLE,V,8.14,-30.20,3.19,.
25370,.,Manitou-2,.,2022,20-Jul,CISCO,1,.,200,51.77,MUSCLE,V,8.55,-30.17,3.19,.
25371,.,Manitou-2,.,2022,20-Jul,CISCO,1,.,228,70.00,MUSCLE,V,8.29,-30.01,3.18,.
25372,.,Manitou-2,.,2022,20-Jul,RBASS,2,.,47,1.71,MUSCLE,V,6.08,-26.02,3.60,.
25373,.,Manitou-2,.,2022,20-Jul,RBASS,1,.,75,6.17,MUSCLE,V,6.25,-27.80,3.34,.
25374,.,Manitou-2,.,2022,20-Jul,RBASS,1,.,78,7.79,MUSCLE,V,6.76,-25.67,3.30,.
25375,.,Manitou-2,.,2022,20-Jul,RBASS,1,.,111,26.09,MUSCLE,V,6.77,-27.18,3.32,.
25376,.,Manitou-2,.,2022,20-Jul,RBASS,1,.,130,40.01,MUSCLE,V,7.77,-27.90,3.22,.
25377,.,Manitou-2,.,2022,20-Jul,RBASS,1,.,158,74.30,MUSCLE,V,7.10,-27.35,3.18,.
25378,.,Manitou-2,.,2022,20-Jul,RBASS,1,.,178,106.56,MUSCLE,V,7.86,-27.53,3.20,.
25379,.,Manitou-2,.,2022,20-Jul,MMSHINER,1,.,.,2.78,MUSCLE,V,6.08,-25.88,3.63,.
25380,.,Manitou-2,.,2022,20-Jul,MMSHINER,1,.,.,3.32,MUSCLE,V,5.93,-26.28,3.63,.
25381,.,Manitou-2,.,2022,20-Jul,CRAYFISH,2,.,.,2.27,MUSCLE,V,3.02,-25.54,3.48,.
25382,.,Manitou-2,.,2022,20-Jul,CRAYFISH,1,.,.,4.92,MUSCLE,V,3.53,-25.37,3.38,.
25383,.,Manitou-2,.,2022,20-Jul,CRAYFISH,1,.,.,23.93,MUSCLE,V,6.13,-25.04,4.10,.
25384,.,Manitou-2,.,2022,20-Jul,BNMIN,2,.,67,2.37,MUSCLE,V,5.67,-27.41,3.60,.
25385,.,Manitou-2,.,2022,20-Jul,BNMIN,1,.,70,2.87,MUSCLE,V,5.77,-27.38,3.44,.
25386,.,Manitou-2,.,2022,20-Jul,BNMIN,1,.,70,3.27,MUSCLE,V,5.88,-27.30,3.43,.
25387,.,Manitou-2,.,2022,20-Jul,BNMIN,1,.,73,3.67,MUSCLE,V,5.81,-26.92,3.51,.
25388,.,Manitou-2,.,2022,20-Jul,BNMIN,1,.,75,3.76,MUSCLE,V,6.33,-27.73,3.55,.
25389,.,Manitou-2,.,2022,20-Jul,BNMIN,1,.,79,4.63,MUSCLE,V,6.80,-28.33,4.10,.
25390,.,Manitou-2,.,2022,20-Jul,BNMIN,1,.,84,5.66,MUSCLE,V,5.85,-27.03,3.46,.
25391,.,Manitou-2,.,2022,20-Jul,SPSCULP,1,.,58,1.13,MUSCLE,V,8.03,-31.70,3.45,.
25392,.,Manitou-2,.,2022,20-Jul,SLSCULP,5,.,40,0.51,BODY,V,7.04,-29.67,4.30,.
25393,.,Manitou-2,.,2022,20-Jul,SLSCULP,2,.,60,1.97,MUSCLE,V,7.73,-30.81,3.61,.
25394,.,Manitou-2,.,2022,20-Jul,SLSCULP,2,.,70,2.45,MUSCLE,V,8.37,-31.27,3.51,.
25395,.,Manitou-2,.,2022,20-Jul,SLSCULP,1,.,70,3.37,MUSCLE,V,7.21,-29.67,3.65,.
25396,.,Manitou-2,.,2022,20-Jul,SLSCULP,1,.,83,6.07,MUSCLE,V,6.87,-25.50,3.37,.
25397,.,Manitou-2,.,2022,20-Jul,SLSCULP,1,.,82,5.89,MUSCLE,V,6.40,-24.75,3.42,.
25398,.,Manitou-2,.,2022,20-Jul,SLSCULP,1,.,92,9.52,MUSCLE,V,6.96,-22.62,3.50,.
25494,.,Manitou-2,.,2022,20-Jul,HEPTAGEN,15,.,.,.,BODY,V,0.98,-27.40,5.60,.
25495,.,Manitou-2,.,2022,20-Jul,HEPTAGEN,12,.,.,.,BODY,V,0.11,-24.36,5.10,.
25030,35,Mendelssohn,.,2022,24-Aug,BUR,1,230,230,72.00,MUSCLE,V,6.88,-26.96,3.28,.
25031,34,Mendelssohn,.,2022,24-Aug,LT,1,595,651,2190.00,MUSCLE,V,10.95,-28.32,3.66,.
25032,64,Mendelssohn,.,2022,24-Aug,LT,1,315,350,280.00,MUSCLE,V,10.36,-28.57,3.14,.
25033,65,Mendelssohn,.,2022,24-Aug,LT,1,268,300,170.00,MUSCLE,V,10.44,-28.46,3.13,.
25034,79,Mendelssohn,.,2022,24-Aug,LT,1,555,610,1690.00,MUSCLE,V,10.56,-28.57,3.79,.
25035,81,Mendelssohn,.,2022,24-Aug,LT,1,495,546,1200.00,MUSCLE,V,10.52,-28.25,3.46,.
25036,83,Mendelssohn,.,2022,24-Aug,LT,1,401,441,600.00,MUSCLE,V,10.44,-27.98,3.32,.
25037,87,Mendelssohn,.,2022,24-Aug,LT,1,363,403,430.00,MUSCLE,V,10.12,-27.69,3.20,.
25038,119,Mendelssohn,.,2022,24-Aug,LT,1,450,500,865.00,MUSCLE,V,10.36,-27.25,3.17,.
25039,128,Mendelssohn,.,2022,24-Aug,LT,1,652,709,3750.00,MUSCLE,V,11.13,-26.21,3.43,.
25040,129,Mendelssohn,.,2022,24-Aug,LT,1,191,212,52.00,MUSCLE,V,10.43,-28.55,3.30,.
25041,51,Mendelssohn,.,2022,24-Aug,LWF,1,449,497,1180.00,MUSCLE,V,7.84,-26.97,3.41,.
25042,60,Mendelssohn,.,2022,24-Aug,LWF,1,193,215,68.00,MUSCLE,V,9.65,-28.78,3.17,.
25043,61,Mendelssohn,.,2022,24-Aug,LWF,1,497,550,1700.00,MUSCLE,V,8.35,-29.05,3.65,.
25044,67,Mendelssohn,.,2022,24-Aug,LWF,1,470,521,1220.00,MUSCLE,V,8.39,-28.64,3.21,.
25045,68,Mendelssohn,.,2022,24-Aug,LWF,1,389,435,720.00,MUSCLE,V,8.58,-28.64,3.24,.
25046,85,Mendelssohn,.,2022,24-Aug,LWF,1,460,505,1200.00,MUSCLE,V,8.09,-28.75,3.27,.
25047,125,Mendelssohn,.,2022,24-Aug,LWF,1,470,525,1200.00,MUSCLE,V,8.18,-26.41,3.27,.
25048,3,Mendelssohn,.,2022,24-Aug,SMB,1,345,364,655.00,MUSCLE,V,8.72,-25.68,3.24,.
25049,5,Mendelssohn,.,2022,24-Aug,SMB,1,416,436,1260.00,MUSCLE,V,9.67,-22.13,3.42,.
25050,30,Mendelssohn,.,2022,24-Aug,SMB,1,373,392,740.00,MUSCLE,V,8.33,-25.49,3.29,.
25051,45,Mendelssohn,.,2022,24-Aug,SMB,1,307,324,400.00,MUSCLE,V,8.77,-26.23,3.27,.
25052,46,Mendelssohn,.,2022,24-Aug,SMB,1,310,325,435.00,MUSCLE,V,8.96,-25.49,3.34,.
25053,55,Mendelssohn,.,2022,24-Aug,SMB,1,424,442,1080.00,MUSCLE,V,8.08,-25.53,3.24,.
25054,57,Mendelssohn,.,2022,24-Aug,SMB,1,394,415,860.00,MUSCLE,V,9.41,-26.74,3.23,.
25055,75,Mendelssohn,.,2022,24-Aug,SMB,1,433,457,1180.00,MUSCLE,V,8.65,-26.04,3.20,.
25056,76,Mendelssohn,.,2022,24-Aug,SMB,1,400,420,930.00,MUSCLE,V,8.54,-26.13,3.18,.
25057,78,Mendelssohn,.,2022,24-Aug,SMB,1,398,419,1000.00,MUSCLE,V,8.80,-26.29,3.29,.
25058,19,Mendelssohn,.,2022,24-Aug,WALL,1,579,610,1720.00,MUSCLE,V,9.56,-26.19,3.16,.
25059,21,Mendelssohn,.,2022,24-Aug,WALL,1,482,505,1100.00,MUSCLE,V,9.70,-26.46,3.22,.
25060,22,Mendelssohn,.,2022,24-Aug,WALL,1,380,401,515.00,MUSCLE,V,9.53,-26.40,3.18,.
25061,23,Mendelssohn,.,2022,24-Aug,WALL,1,395,421,655.00,MUSCLE,V,9.17,-26.66,3.22,.
25062,28,Mendelssohn,.,2022,24-Aug,WALL,1,280,295,198.00,MUSCLE,V,8.69,-25.66,3.16,.
25063,29,Mendelssohn,.,2022,24-Aug,WALL,1,180,192,46.00,MUSCLE,V,8.06,-25.67,3.18,.
25064,41,Mendelssohn,.,2022,24-Aug,WALL,1,430,461,790.00,MUSCLE,V,9.14,-26.56,3.26,.
25065,44,Mendelssohn,.,2022,24-Aug,WALL,1,215,229,90.00,MUSCLE,V,8.35,-26.83,3.19,.
25066,53,Mendelssohn,.,2022,24-Aug,WALL,1,494,523,980.00,MUSCLE,V,9.37,-26.36,3.19,.
25067,54,Mendelssohn,.,2022,24-Aug,WALL,1,484,517,1050.00,MUSCLE,V,7.26,-28.52,3.29,.
25068,59,Mendelssohn,.,2022,24-Aug,WALL,1,541,571,1125.00,MUSCLE,V,9.52,-26.10,3.19,.
25069,8,Mendelssohn,.,2022,24-Aug,WS,1,335,355,540.00,MUSCLE,V,5.65,-22.40,3.26,.
25070,18,Mendelssohn,.,2022,24-Aug,WS,1,446,470,1500.00,MUSCLE,V,6.65,-27.83,3.24,.
25071,25,Mendelssohn,.,2022,24-Aug,WS,1,407,430,1040.00,MUSCLE,V,7.95,-25.93,3.41,.
25072,66,Mendelssohn,.,2022,24-Aug,WS,1,490,527,1590.00,MUSCLE,V,7.63,-28.01,3.50,.
25187,.,Mendelssohn,.,2022,24-Aug,CLAM,1,.,63,19.80,MUSCLE,V,1.90,-28.90,4.46,Elliptio complanata
25188,.,Mendelssohn,.,2022,24-Aug,CLAM,1,.,64,22.90,MUSCLE,V,2.22,-27.80,3.76,Elliptio complanata
25189,.,Mendelssohn,.,2022,24-Aug,CLAM,1,.,63,19.10,MUSCLE,V,1.84,-28.73,3.96,Elliptio complanata
25190,.,Mendelssohn,.,2022,24-Aug,CLAM,1,.,73,35.30,MUSCLE,V,1.98,-28.49,4.12,Elliptio complanata
25191,.,Mendelssohn,.,2022,24-Aug,CLAM,1,.,79,41.40,MUSCLE,V,1.62,-28.83,4.01,Elliptio complanata
25192,.,Mendelssohn,.,2022,24-Aug,CLAM,1,.,80,46.10,MUSCLE,V,2.48,-29.12,4.09,Elliptio complanata
25193,.,Mendelssohn,.,2022,24-Aug,CLAM,1,.,78,37.60,MUSCLE,V,1.79,-28.93,3.99,Elliptio complanata
25194,.,Mendelssohn,.,2022,24-Aug,CLAM,1,.,77,27.00,MUSCLE,V,2.39,-30.23,4.19,Anodontoides ferussacianus
25195,.,Mendelssohn,.,2022,24-Aug,CLAM,1,.,91,37.40,MUSCLE,V,2.89,-30.34,3.93,Pyganodon grandis
25196,.,Mendelssohn,.,2022,24-Aug,CLAM,1,.,97,65.00,MUSCLE,V,2.25,-28.38,3.71,Elliptio complanata
25240,.,Mendelssohn,.,2022,24-Aug,YPERCH,3,.,49,0.94,MUSCLE,V,7.02,-27.29,3.41,.
25241,.,Mendelssohn,.,2022,24-Aug,YPERCH,5,.,57,1.44,MUSCLE,V,7.17,-27.45,3.37,.
25242,.,Mendelssohn,.,2022,24-Aug,YPERCH,1,.,61,1.77,MUSCLE,V,6.60,-25.66,3.24,.
25243,.,Mendelssohn,.,2022,24-Aug,YPERCH,1,.,69,2.65,MUSCLE,V,6.49,-25.08,3.24,.
25244,.,Mendelssohn,.,2022,24-Aug,YPERCH,1,.,74,3.51,MUSCLE,V,7.49,-27.80,3.29,.
25245,.,Mendelssohn,.,2022,24-Aug,YPERCH,1,.,71,3.12,MUSCLE,V,6.66,-24.82,3.25,.
25246,.,Mendelssohn,.,2022,24-Aug,YPERCH,1,.,77,3.95,MUSCLE,V,6.37,-26.43,3.24,.
25247,.,Mendelssohn,.,2022,24-Aug,RBASS,1,.,48,1.70,MUSCLE,V,7.28,-26.02,3.34,.
25248,.,Mendelssohn,.,2022,24-Aug,RBASS,1,.,59,3.63,MUSCLE,V,7.65,-27.69,3.25,.
25249,.,Mendelssohn,.,2022,24-Aug,RBASS,1,.,84,10.52,MUSCLE,V,7.51,-27.54,3.23,.
25250,.,Mendelssohn,.,2022,24-Aug,RBASS,1,.,101,18.59,MUSCLE,V,8.61,-25.14,3.30,.
25251,.,Mendelssohn,.,2022,24-Aug,RBASS,1,.,130,41.28,MUSCLE,V,8.52,-24.10,3.24,.
25252,.,Mendelssohn,.,2022,24-Aug,RBASS,1,.,164,91.03,MUSCLE,V,8.58,-22.58,3.19,.
25253,.,Mendelssohn,.,2022,24-Aug,RBASS,1,.,169,102.55,MUSCLE,V,8.24,-23.16,3.28,.
25254,.,Mendelssohn,.,2022,24-Aug,CISCO,3,.,77,3.13,MUSCLE,V,6.49,-27.41,3.42,.
25255,.,Mendelssohn,.,2022,24-Aug,CISCO,1,.,101,6.43,MUSCLE,V,7.97,-29.89,3.53,.
25256,.,Mendelssohn,.,2022,24-Aug,CISCO,1,.,102,6.78,MUSCLE,V,8.17,-29.72,3.49,.
25257,.,Mendelssohn,.,2022,24-Aug,CISCO,1,.,110,8.06,MUSCLE,V,7.94,-29.03,3.51,.
25258,.,Mendelssohn,.,2022,24-Aug,CISCO,1,.,110,8.22,MUSCLE,V,8.28,-29.82,3.49,.
25259,.,Mendelssohn,.,2022,24-Aug,CISCO,1,.,107,7.53,MUSCLE,V,8.48,-29.39,3.55,.
25260,.,Mendelssohn,.,2022,24-Aug,CISCO,1,.,226,88.40,MUSCLE,V,8.50,-28.40,3.21,.
25261,.,Mendelssohn,.,2022,24-Aug,CISCO,1,.,286,184.30,MUSCLE,V,8.32,-28.87,3.18,.
25262,.,Mendelssohn,.,2022,24-Aug,CISCO,1,.,295,212.00,MUSCLE,V,8.81,-28.50,3.15,.
25263,.,Mendelssohn,.,2022,24-Aug,CISCO,1,.,352,368.00,MUSCLE,V,8.27,-29.13,4.18,.
25264,.,Mendelssohn,.,2022,24-Aug,SMB,1,.,140,40.40,MUSCLE,V,8.78,-26.92,3.40,.
25265,.,Mendelssohn,.,2022,24-Aug,SMB,1,.,161,58.70,MUSCLE,V,8.60,-25.30,3.34,.
25266,.,Mendelssohn,.,2022,24-Aug,WALL,1,.,123,16.00,MUSCLE,V,8.36,-26.57,3.26,.
25406,.,Mendelssohn,.,2022,24-Aug,SLSCULP,3,.,45,0.61,BODY,V,8.10,-28.69,3.77,.
25407,.,Mendelssohn,.,2022,24-Aug,SLSCULP,3,.,43,0.96,BODY,V,8.00,-27.99,4.19,.
25408,.,Mendelssohn,.,2022,24-Aug,SLSCULP,4,.,51,1.01,MUSCLE,V,8.33,-27.88,3.54,.
25409,.,Mendelssohn,.,2022,24-Aug,SLSCULP,1,.,51,1.14,MUSCLE,V,9.11,-28.82,3.43,.
25410,.,Mendelssohn,.,2022,24-Aug,SLSCULP,1,.,54,1.37,MUSCLE,V,7.46,-28.73,3.41,.
25411,.,Mendelssohn,.,2022,24-Aug,SLSCULP,1,.,64,1.77,MUSCLE,V,7.61,-28.77,3.43,.
25412,.,Mendelssohn,.,2022,24-Aug,SLSCULP,1,.,75,2.51,MUSCLE,V,7.32,-26.40,3.94,.
25563,.,Mendelssohn,.,2022,24-Aug,SNAIL,3,.,.,0.71,MUSCLE,V,2.36,-26.12,4.66,Hydrobiidae
25564,.,Mendelssohn,.,2022,24-Aug,SNAIL,2,.,.,1.00,MUSCLE,V,3.99,-26.62,4.20,Hydrobiidae
25565,.,Mendelssohn,.,2022,24-Aug,SNAIL,1,.,.,1.17,MUSCLE,V,4.32,-27.13,3.93,Hydrobiidae
25566,.,Mendelssohn,.,2022,24-Aug,SNAIL,1,.,.,1.32,MUSCLE,V,3.97,-26.78,4.67,Hydrobiidae
25567,.,Mendelssohn,.,2022,24-Aug,SNAIL,1,.,.,1.78,MUSCLE,V,3.60,-26.72,4.55,Hydrobiidae
25568,.,Mendelssohn,.,2022,24-Aug,SNAIL,1,.,.,1.73,MUSCLE,V,2.34,-27.62,4.29,Hydrobiidae
25569,.,Mendelssohn,.,2022,24-Aug,SNAIL,1,.,.,1.79,MUSCLE,V,3.04,-26.44,3.82,Hydrobiidae
25574,.,Mendelssohn,.,2022,24-Aug,HEPTAGEN,20,.,.,.,BODY,V,3.19,-24.55,4.41,.
1614,560,Stormy,.,2008,.,LT,1,.,269,.,MUSCLE,V,12.31,-27.59,3.19,.
1615,259,Stormy,.,2008,.,LT,1,.,304,.,MUSCLE,V,12.23,-25.96,3.22,.
1616,258,Stormy,.,2008,.,LT,1,.,335,.,MUSCLE,V,12.30,-26.52,3.34,.
1617,775,Stormy,.,2008,.,LT,1,.,345,.,MUSCLE,V,11.84,-24.65,3.14,.
1618,679,Stormy,.,2008,.,LT,1,.,348,.,MUSCLE,V,12.19,-25.82,3.23,.
1619,561,Stormy,.,2008,.,LT,1,.,362,.,MUSCLE,V,12.60,-25.99,3.19,.
1620,776,Stormy,.,2008,.,LT,1,.,372,.,MUSCLE,V,12.55,-26.52,3.23,.
1621,680,Stormy,.,2008,.,LT,1,.,387,.,MUSCLE,V,12.52,-27.29,3.52,.
1622,787,Stormy,.,2008,.,LT,1,.,492,.,MUSCLE,V,11.99,-27.85,3.92,.
1623,24,Stormy,.,2008,.,LT,1,.,514,.,MUSCLE,V,12.68,-27.38,3.53,.
1624,437,Stormy,.,2008,.,LWF,1,.,226,.,MUSCLE,V,10.60,-29.26,3.24,.
1625,346,Stormy,.,2008,.,LWF,1,.,259,.,MUSCLE,V,10.69,-28.69,3.18,.
1626,1,Stormy,.,2008,.,LWF,1,.,289,.,MUSCLE,V,10.80,-28.51,3.22,.
1627,434,Stormy,.,2008,.,LWF,1,.,328,.,MUSCLE,V,11.28,-28.92,3.27,.
1628,422,Stormy,.,2008,.,LWF,1,.,339,.,MUSCLE,V,11.15,-28.33,3.14,.
1629,250,Stormy,.,2008,.,LWF,1,.,385,.,MUSCLE,V,11.80,-28.82,3.25,.
1630,19,Stormy,.,2008,.,LWF,1,.,455,.,MUSCLE,V,11.64,-29.53,3.75,.
1631,90,Stormy,.,2008,.,LWF,1,.,472,.,MUSCLE,V,11.99,-27.02,3.14,.
1632,264,Stormy,.,2008,.,LWF,1,.,485,.,MUSCLE,V,11.47,-27.50,3.12,.
1633,76,Stormy,.,2008,.,LWF,1,.,515,.,MUSCLE,V,11.28,-25.92,3.14,.
1634,687,Stormy,.,2008,.,NP,1,.,500,.,MUSCLE,V,9.96,-26.72,3.11,.
1635,217,Stormy,.,2008,.,WS,1,.,320,.,MUSCLE,V,7.72,-27.09,3.20,.
1636,116,Stormy,.,2008,.,WS,1,.,500,.,MUSCLE,V,9.78,-25.48,3.16,.
1637,108,Stormy,.,2008,.,SMB,1,.,219,.,MUSCLE,V,9.65,-25.27,3.18,.
1638,230,Stormy,.,2008,.,SMB,1,.,233,.,MUSCLE,V,9.90,-25.32,3.17,.
1639,209,Stormy,.,2008,.,SMB,1,.,251,.,MUSCLE,V,10.04,-24.32,3.10,.
1640,231,Stormy,.,2008,.,SMB,1,.,259,.,MUSCLE,V,10.46,-25.83,3.20,.
1641,207,Stormy,.,2008,.,SMB,1,.,328,.,MUSCLE,V,11.07,-24.86,3.10,.
1642,122,Stormy,.,2008,.,SMB,1,.,363,.,MUSCLE,V,11.04,-23.76,3.06,.
1643,208,Stormy,.,2008,.,SMB,1,.,374,.,MUSCLE,V,10.92,-25.26,3.13,.
1644,14,Stormy,.,2008,.,SMB,1,.,394,.,MUSCLE,V,10.94,-25.59,3.11,.
1645,123,Stormy,.,2008,.,SMB,1,.,435,.,MUSCLE,V,11.10,-25.19,3.09,.
1646,265,Stormy,.,2008,.,SMB,1,.,491,.,MUSCLE,V,10.97,-25.15,3.11,.
1647,336,Stormy,.,2008,.,WALL,1,.,206,.,MUSCLE,V,9.82,-25.47,3.11,.
1648,339,Stormy,.,2008,.,WALL,1,.,234,.,MUSCLE,V,10.16,-25.71,3.11,.
1649,13,Stormy,.,2008,.,WALL,1,.,295,.,MUSCLE,V,10.49,-25.71,3.31,.
1650,317,Stormy,.,2008,.,WALL,1,.,344,.,MUSCLE,V,12.04,-25.56,3.24,.
1651,124,Stormy,.,2008,.,WALL,1,.,390,.,MUSCLE,V,11.80,-25.67,3.19,.
1652,9,Stormy,.,2008,.,WALL,1,.,471,.,MUSCLE,V,12.14,-25.91,3.20,.
1653,10,Stormy,.,2008,.,WALL,1,.,485,.,MUSCLE,V,12.35,-25.58,3.20,.
1654,6,Stormy,.,2008,.,WALL,1,.,512,.,MUSCLE,V,12.39,-25.79,3.19,.
1655,233,Stormy,.,2008,.,WALL,1,.,599,.,MUSCLE,V,13.04,-26.13,3.26,.
1656,210,Stormy,.,2008,.,WALL,1,.,580,.,MUSCLE,V,12.06,-25.96,3.25,.
1908,.,Stormy,.,2008,.,SLSCULP,1,91,.,6.60,MUSCLE,V,10.82,-30.47,4.13,.
1909,.,Stormy,.,2008,.,GOSHINER,1,62,.,2.20,MUSCLE,V,.,.,.,.
1910,.,Stormy,.,2008,.,GOSHINER,1,71,.,3.30,MUSCLE,V,.,.,.,.
1911,.,Stormy,.,2008,.,GOSHINER,1,75,.,4.30,MUSCLE,V,.,.,.,.
1912,.,Stormy,.,2008,.,GOSHINER,1,95,.,7.80,MUSCLE,V,.,.,.,.
1913,.,Stormy,.,2008,.,LMB,1,36,.,0.30,MUSCLE,V,.,.,.,.
1914,.,Stormy,.,2008,.,BNMIN,1,47,.,0.70,MUSCLE,V,8.70,-25.46,3.60,.
1915,.,Stormy,.,2008,.,BNMIN,1,71,.,2.90,MUSCLE,V,7.76,-23.97,3.59,.
1916,.,Stormy,.,2008,.,WALL,1,59,.,1.40,MUSCLE,V,7.74,-26.86,3.45,.
1917,.,Stormy,.,2008,.,WALL,1,52,.,0.90,MUSCLE,V,7.45,-26.83,3.40,.
1918,.,Stormy,.,2008,.,WALL,1,70,.,2.20,MUSCLE,V,7.46,-26.84,3.35,.
1919,.,Stormy,.,2008,.,SLSCULP,1,71,.,2.70,MUSCLE,V,10.43,-26.36,3.38,.
1920,.,Stormy,.,2008,.,LPERCH,1,91,.,7.70,MUSCLE,V,10.01,-25.98,3.35,.
1921,.,Stormy,.,2008,.,LPERCH,1,85,.,5.10,MUSCLE,V,9.99,-24.86,3.43,.
1922,.,Stormy,.,2008,.,LPERCH,1,85,.,4.20,MUSCLE,V,9.07,-26.34,3.51,.
1923,.,Stormy,.,2008,.,LPERCH,1,86,.,4.90,MUSCLE,V,9.83,-25.89,3.30,.
1924,.,Stormy,.,2008,.,LPERCH,1,64,.,2.10,MUSCLE,V,7.70,-26.52,3.46,.
1925,.,Stormy,.,2008,.,LPERCH,1,63,.,1.50,MUSCLE,V,8.59,-26.58,3.53,.
1926,.,Stormy,.,2008,.,LPERCH,1,70,.,2.40,MUSCLE,V,9.47,-26.16,3.52,.
1927,.,Stormy,.,2008,.,LPERCH,1,81,.,3.50,MUSCLE,V,9.69,-26.17,3.34,.
1928,.,Stormy,.,2008,.,LPERCH,1,84,.,4.00,MUSCLE,V,9.54,-24.61,3.65,.
1929,.,Stormy,.,2008,.,LPERCH,1,79,.,3.70,MUSCLE,V,9.52,-26.30,3.28,.
1930,.,Stormy,.,2008,.,CISCO,1,112,.,12.50,MUSCLE,V,9.03,-28.75,3.40,.
1931,.,Stormy,.,2008,.,CISCO,1,118,.,15.90,MUSCLE,V,8.63,-28.98,3.36,.
1932,.,Stormy,.,2008,.,CISCO,1,149,.,38.60,MUSCLE,V,9.80,-28.67,3.33,.
1933,.,Stormy,.,2008,.,CISCO,1,165,.,41.70,MUSCLE,V,9.75,-28.36,3.24,.
1934,.,Stormy,.,2008,.,CISCO,1,166,.,50.60,MUSCLE,V,10.05,-28.39,3.25,.
1935,.,Stormy,.,2008,.,CISCO,1,169,.,56.90,MUSCLE,V,10.36,-29.47,3.63,.
1936,.,Stormy,.,2008,.,CISCO,1,179,.,66.00,MUSCLE,V,9.96,-28.04,3.18,.
1937,.,Stormy,.,2008,.,CISCO,1,182,.,76.00,MUSCLE,V,11.15,-29.23,3.35,.
1938,.,Stormy,.,2008,.,CISCO,1,207,.,98.00,MUSCLE,V,11.28,-28.85,3.18,.
1939,.,Stormy,.,2008,.,CISCO,1,195,.,93.80,MUSCLE,V,11.44,-28.97,3.31,.
1940,.,Stormy,.,2008,.,MUDMIN,1,79,.,3.80,MUSCLE,V,.,.,.,.
1941,.,Stormy,.,2008,.,LMB,1,42,.,0.60,MUSCLE,V,.,.,.,.
1942,.,Stormy,.,2008,.,LMB,1,46,.,0.95,MUSCLE,V,.,.,.,.
1943,.,Stormy,.,2008,.,LMB,1,48,.,1.10,MUSCLE,V,.,.,.,.
1944,.,Stormy,.,2008,.,BNMIN,1,37,.,0.50,BODY,V,6.77,-28.46,3.86,.
1945,.,Stormy,.,2008,.,BNMIN,1,57,.,1.70,MUSCLE,V,10.17,-26.89,3.59,.
1946,.,Stormy,.,2008,.,BNMIN,1,66,.,2.40,MUSCLE,V,7.20,-26.13,3.65,.
1947,.,Stormy,.,2008,.,BNMIN,1,67,.,3.10,MUSCLE,V,8.02,-26.75,3.63,.
1948,.,Stormy,.,2008,.,BNMIN,1,68,.,2.90,MUSCLE,V,6.60,-25.75,3.60,.
1949,.,Stormy,.,2008,.,BNMIN,1,68,.,3.10,MUSCLE,V,6.55,-26.68,3.88,.
1950,.,Stormy,.,2008,.,BNMIN,1,69,.,3.30,MUSCLE,V,7.11,-23.16,3.66,.
1951,.,Stormy,.,2008,.,BNMIN,1,77,.,4.00,MUSCLE,V,8.41,-24.87,3.48,.
1952,.,Stormy,.,2008,.,BNMIN,1,75,.,3.50,MUSCLE,V,8.61,-25.48,3.62,.
1953,.,Stormy,.,2008,.,PSEED,1,65,.,4.30,MUSCLE,V,7.51,-26.30,3.43,.
1954,.,Stormy,.,2008,.,PSEED,1,78,.,8.40,MUSCLE,V,7.52,-25.22,3.36,.
1955,.,Stormy,.,2008,.,PSEED,1,87,.,12.80,MUSCLE,V,6.92,-28.99,3.32,.
1956,.,Stormy,.,2008,.,PSEED,1,89,.,13.30,MUSCLE,V,8.42,-27.19,3.39,.
1957,.,Stormy,.,2008,.,PSEED,1,97,.,18.30,MUSCLE,V,8.38,-26.39,3.39,.
1958,.,Stormy,.,2008,.,PSEED,1,104,.,25.80,MUSCLE,V,7.57,-26.28,3.40,.
1959,.,Stormy,.,2008,.,PSEED,1,114,.,33.30,MUSCLE,V,8.38,-25.74,3.40,.
1960,.,Stormy,.,2008,.,PSEED,1,129,.,50.00,MUSCLE,V,9.35,-24.62,3.44,.
1961,.,Stormy,.,2008,.,PSEED,1,140,.,60.20,MUSCLE,V,9.73,-23.84,3.34,.
1962,.,Stormy,.,2008,.,PSEED,1,144,.,69.20,MUSCLE,V,8.90,-23.52,3.40,.
1964,.,Stormy,.,2008,.,YPERCH,1,37,.,0.30,BODY,V,7.47,-27.68,4.05,.
1965,.,Stormy,.,2008,.,YPERCH,1,68,.,3.20,MUSCLE,V,8.85,-27.84,3.33,.
1966,.,Stormy,.,2008,.,YPERCH,1,73,.,3.50,MUSCLE,V,8.21,-27.70,3.32,.
1967,.,Stormy,.,2008,.,YPERCH,1,76,.,4.40,MUSCLE,V,8.85,-27.34,3.41,.
1968,.,Stormy,.,2008,.,YPERCH,1,81,.,5.50,MUSCLE,V,7.59,-28.15,3.35,.
1969,.,Stormy,.,2008,.,YPERCH,1,92,.,7.40,MUSCLE,V,10.06,-27.49,3.34,.
1970,.,Stormy,.,2008,.,YPERCH,1,99,.,12.00,MUSCLE,V,10.21,-27.80,3.42,.
1971,.,Stormy,.,2008,.,YPERCH,1,110,.,15.00,MUSCLE,V,10.25,-27.69,3.36,.
1972,.,Stormy,.,2008,.,YPERCH,1,118,.,19.30,MUSCLE,V,11.11,-27.38,3.30,.
1973,.,Stormy,.,2008,.,YPERCH,1,128,.,27.50,MUSCLE,V,10.39,-27.46,3.38,.
1974,.,Stormy,.,2008,.,YPERCH,1,206,.,113.40,MUSCLE,V,11.25,-24.09,3.21,.
1975,.,Stormy,.,2008,.,YPERCH,1,207,.,114.40,MUSCLE,V,11.34,-24.77,3.35,.
1976,.,Stormy,.,2008,.,RBASS,1,43,.,1.30,MUSCLE,V,9.00,-23.57,3.44,.
1977,.,Stormy,.,2008,.,RBASS,1,54,.,2.80,MUSCLE,V,9.82,-25.99,3.41,.
1978,.,Stormy,.,2008,.,RBASS,1,86,.,11.20,MUSCLE,V,10.75,-27.24,3.29,.
1979,.,Stormy,.,2008,.,RBASS,1,99,.,20.50,MUSCLE,V,9.53,-25.80,3.33,.
1980,.,Stormy,.,2008,.,RBASS,1,111,.,25.80,MUSCLE,V,10.93,-26.33,3.29,.
1981,.,Stormy,.,2008,.,RBASS,1,109,.,27.20,MUSCLE,V,8.77,-25.75,3.24,.
1982,.,Stormy,.,2008,.,RBASS,1,119,.,35.40,MUSCLE,V,10.59,-25.85,3.37,.
1983,.,Stormy,.,2008,.,RBASS,1,130,.,40.10,MUSCLE,V,11.21,-26.21,3.23,.
1984,.,Stormy,.,2008,.,RBASS,1,142,.,58.40,MUSCLE,V,11.13,-25.59,3.23,.
1985,.,Stormy,.,2008,.,RBASS,1,151,.,78.50,MUSCLE,V,11.02,-24.89,3.23,.
1986,.,Stormy,.,2008,.,RBASS,1,171,.,103.50,MUSCLE,V,11.24,-25.13,3.26,.
1987,.,Stormy,.,2008,.,LT,1,154,.,40.20,MUSCLE,V,11.24,-23.10,3.87,.
1988,.,Stormy,.,2008,.,LT,1,145,.,27.20,MUSCLE,V,11.38,-23.64,3.67,.
1989,.,Stormy,.,2008,.,LWF,1,114,.,12.20,MUSCLE,V,9.99,-29.95,3.48,.
1990,.,Stormy,.,2008,.,LWF,1,106,.,11.80,MUSCLE,V,9.41,-29.83,3.48,.
1991,.,Stormy,.,2008,.,LWF,1,149,.,37.30,MUSCLE,V,11.17,-29.64,3.36,.
1992,.,Stormy,.,2008,.,LWF,1,173,.,60.60,MUSCLE,V,10.66,-29.43,3.53,.
1993,.,Stormy,.,2008,.,LWF,1,180,.,64.00,MUSCLE,V,10.35,-29.76,3.39,.
1994,.,Stormy,.,2008,.,SMB,1,90,.,10.50,MUSCLE,V,9.21,-26.12,3.41,.
1995,.,Stormy,.,2008,.,SMB,1,104,.,14.50,MUSCLE,V,10.15,-25.82,3.39,.
1996,.,Stormy,.,2008,.,SMB,1,111,.,20.90,MUSCLE,V,9.36,-26.26,3.30,.
1997,.,Stormy,.,2008,.,SMB,1,118,.,22.80,MUSCLE,V,9.71,-25.81,3.35,.
1998,.,Stormy,.,2008,.,SMB,1,157,.,52.80,MUSCLE,V,10.21,-26.62,3.41,.
1999,.,Stormy,.,2008,.,SMB,1,156,.,56.10,MUSCLE,V,9.85,-25.81,3.28,.
2000,.,Stormy,.,2008,.,SMB,1,164,.,66.00,MUSCLE,V,9.80,-25.85,3.44,.
2001,.,Stormy,.,2008,.,SMB,1,170,.,72.10,MUSCLE,V,9.45,-26.00,3.38,.
2002,.,Stormy,.,2008,.,SMB,1,179,.,81.70,MUSCLE,V,9.69,-26.11,3.45,.
2003,.,Stormy,.,2008,.,SMB,1,168,.,74.10,MUSCLE,V,9.60,-25.79,3.33,.
2004,.,Stormy,.,2008,.,CRAYFISH,1,.,.,6.80,MUSCLE,V,7.10,-24.99,3.47,.
2005,.,Stormy,.,2008,.,CRAYFISH,1,.,.,7.60,MUSCLE,V,5.67,-27.37,3.54,.
2006,.,Stormy,.,2008,.,SNAIL,1,.,.,.,VISCERA,V,2.97,-22.90,8.37,.
2007,.,Stormy,.,2008,.,SNAIL,1,.,.,.,VISCERA,V,3.60,-23.69,5.55,.
2008,.,Stormy,.,2008,.,CLAM,1,.,.,.,MUSCLE,V,4.22,-26.80,4.09,.
2009,.,Stormy,.,2008,.,CLAM,1,.,.,.,MUSCLE,V,4.15,-30.42,4.37,.
2010,.,Stormy,.,2008,.,CLAM,1,.,.,.,MUSCLE,V,4.88,-27.20,3.94,.
2011,.,Stormy,.,2008,.,CLAM,1,.,.,.,MUSCLE,V,5.04,-27.02,3.71,.
2012,.,Stormy,.,2008,.,CLAM,1,.,.,.,MUSCLE,V,5.15,-26.87,3.67,.
2013,.,Stormy,.,2008,.,CLAM,1,.,.,.,MUSCLE,V,4.70,-27.01,3.84,.
2014,.,Stormy,.,2008,.,CLAM,1,.,.,.,MUSCLE,V,4.67,-27.17,3.86,.
2015,.,Stormy,.,2008,.,CLAM,1,.,.,.,MUSCLE,V,4.04,-27.02,3.92,.
2016,.,Stormy,.,2008,.,CLAM,1,.,.,.,MUSCLE,V,3.79,-30.21,4.25,.
2017,.,Stormy,.,2008,.,CLAM,1,.,.,.,MUSCLE,V,6.41,-26.85,3.70,.
25105,.,Turtleshell,.,2022,17-Aug,AMPHIPOD,56,.,.,.,BODY,V,0.86,-22.96,4.61,Effort 41; nearshore
25106,.,Turtleshell,.,2022,17-Aug,AMPHIPOD,50,.,.,.,BODY,V,0.23,-19.31,4.66,Effort 43; nearshore
25113,.,Turtleshell,.,2022,17-Aug,HEPTAGEN,41,.,.,.,BODY,V,-0.35,-17.73,4.29,.
25160,002-00-001,Turtleshell,.,2022,17-Aug,LT,1,398,440,800.00,MUSCLE,V,8.16,-31.82,3.49,.
25161,019-00-001,Turtleshell,.,2022,17-Aug,LT,1,195,215,69.00,MUSCLE,V,9.89,-29.99,3.23,.
25162,041-00-001,Turtleshell,.,2022,17-Aug,LT,1,568,619,1983.00,MUSCLE,V,9.43,-25.89,3.28,.
25163,041-00-002,Turtleshell,.,2022,17-Aug,LT,1,424,470,428.00,MUSCLE,V,8.37,-30.46,3.36,.
25164,041-00-004,Turtleshell,.,2022,17-Aug,LT,1,397,444,812.00,MUSCLE,V,8.66,-30.42,3.54,.
25165,044-00-001,Turtleshell,.,2022,17-Aug,LT,1,391,436,744.00,MUSCLE,V,8.38,-30.33,3.76,.
25166,045-00-001,Turtleshell,.,2022,17-Aug,LT,1,290,322,287.00,MUSCLE,V,9.64,-31.09,3.31,.
25167,047-00-001,Turtleshell,.,2022,17-Aug,LT,1,371,417,678.00,MUSCLE,V,8.37,-30.89,3.25,.
25168,047-00-007,Turtleshell,.,2022,17-Aug,LT,1,358,404,639.00,MUSCLE,V,9.24,-29.40,3.46,.
25169,050-00-003,Turtleshell,.,2022,17-Aug,LT,1,419,462,841.00,MUSCLE,V,8.56,-29.94,3.25,.
25170,020-00-001,Turtleshell,.,2022,17-Aug,SMB,1,397,418,1010.00,MUSCLE,V,9.07,-24.44,3.18,.
25171,020-00-003,Turtleshell,.,2022,17-Aug,SMB,1,147,154,49.00,MUSCLE,V,7.62,-25.81,3.36,.
25172,020-00-004,Turtleshell,.,2022,17-Aug,SMB,1,123,130,26.00,MUSCLE,V,7.81,-25.68,3.30,.
25173,033-00-006,Turtleshell,.,2022,17-Aug,SMB,1,160,170,65.00,MUSCLE,V,7.44,-27.50,3.27,.
25174,033-00-007,Turtleshell,.,2022,17-Aug,SMB,1,180,194,90.00,MUSCLE,V,7.69,-26.96,3.27,.
25175,043-00-001,Turtleshell,.,2022,17-Aug,SMB,1,319,335,469.00,MUSCLE,V,8.49,-23.62,3.18,.
25176,051-00-002,Turtleshell,.,2022,17-Aug,SMB,1,266,279,282.00,MUSCLE,V,8.46,-25.66,3.22,.
25197,.,Turtleshell,.,2022,17-Aug,CLAM,1,.,61,12.90,MUSCLE,V,2.11,-29.76,3.97,Anodontoides ferussacianus
25198,.,Turtleshell,.,2022,17-Aug,CLAM,1,.,69,22.10,MUSCLE,V,1.75,-29.46,4.15,Anodontoides ferussacianus
25199,.,Turtleshell,.,2022,17-Aug,CLAM,1,.,71,17.90,MUSCLE,V,2.42,-30.15,4.09,Anodontoides ferussacianus
25200,.,Turtleshell,.,2022,17-Aug,CLAM,1,.,70,18.30,MUSCLE,V,2.83,-29.72,4.21,Anodontoides ferussacianus
25201,.,Turtleshell,.,2022,17-Aug,CLAM,1,.,92,29.60,MUSCLE,V,1.94,-29.61,4.06,Anodontoides ferussacianus
25202,.,Turtleshell,.,2022,17-Aug,CLAM,1,.,90,34.90,MUSCLE,V,1.75,-30.13,4.38,Anodontoides ferussacianus
25203,.,Turtleshell,.,2022,17-Aug,CLAM,1,.,85,31.80,MUSCLE,V,2.31,-29.22,3.86,Anodontoides ferussacianus
25204,.,Turtleshell,.,2022,17-Aug,CLAM,1,.,100,46.00,MUSCLE,V,2.47,-29.47,3.84,Anodontoides ferussacianus
25205,.,Turtleshell,.,2022,17-Aug,CLAM,1,.,105,47.30,MUSCLE,V,2.75,-30.25,3.82,Anodontoides ferussacianus
25206,.,Turtleshell,.,2022,17-Aug,CLAM,1,.,110,73.90,MUSCLE,V,3.28,-29.16,3.76,Pyganodon grandis
25462,.,Turtleshell,.,2022,17-Aug,LT,1,.,99,6.72,MUSCLE,V,8.02,-31.95,3.48,.
25463,.,Turtleshell,.,2022,17-Aug,BNMIN,1,.,60,1.63,MUSCLE,V,5.25,-24.26,3.46,.
25464,.,Turtleshell,.,2022,17-Aug,BNMIN,1,.,78,3.25,MUSCLE,V,6.52,-21.75,3.49,.
25465,.,Turtleshell,.,2022,17-Aug,BNMIN,1,.,73,3.27,MUSCLE,V,6.92,-22.56,3.33,.
25466,.,Turtleshell,.,2022,17-Aug,YPERCH,1,.,60,1.67,MUSCLE,V,7.09,-22.77,3.35,.
25467,.,Turtleshell,.,2022,17-Aug,YPERCH,1,.,90,6.15,MUSCLE,V,5.41,-27.47,3.33,.
25468,.,Turtleshell,.,2022,17-Aug,YPERCH,1,.,95,7.03,MUSCLE,V,4.27,-28.00,3.26,.
25469,.,Turtleshell,.,2022,17-Aug,YPERCH,1,.,95,6.44,MUSCLE,V,6.20,-26.01,3.25,.
25470,.,Turtleshell,.,2022,17-Aug,YPERCH,1,.,130,21.13,MUSCLE,V,6.18,-24.54,3.23,.
25471,.,Turtleshell,.,2022,17-Aug,YPERCH,1,.,155,33.76,MUSCLE,V,7.11,-22.66,3.23,.
25472,.,Turtleshell,.,2022,17-Aug,YPERCH,1,.,171,44.93,MUSCLE,V,7.28,-22.51,3.25,.
25473,.,Turtleshell,.,2022,17-Aug,PSEED,3,.,49,1.78,MUSCLE,V,5.25,-25.37,3.35,.
25474,.,Turtleshell,.,2022,17-Aug,PSEED,1,.,64,3.65,MUSCLE,V,5.55,-25.18,3.35,.
25475,.,Turtleshell,.,2022,17-Aug,PSEED,1,.,75,6.35,MUSCLE,V,5.95,-20.75,3.27,.
25476,.,Turtleshell,.,2022,17-Aug,PSEED,1,.,78,6.74,MUSCLE,V,4.93,-23.95,3.47,.
25477,.,Turtleshell,.,2022,17-Aug,PSEED,1,.,77,7.03,MUSCLE,V,6.10,-24.95,3.28,.
25478,.,Turtleshell,.,2022,17-Aug,PSEED,1,.,97,14.64,MUSCLE,V,6.31,-24.53,3.26,.
25479,.,Turtleshell,.,2022,17-Aug,PSEED,1,.,171,103.68,MUSCLE,V,6.38,-20.50,3.28,.
25480,.,Turtleshell,.,2022,17-Aug,RBASS,1,.,47,1.73,MUSCLE,V,5.41,-24.07,3.43,.
25481,.,Turtleshell,.,2022,17-Aug,RBASS,1,.,64,4.63,MUSCLE,V,6.00,-26.77,3.44,.
25482,.,Turtleshell,.,2022,17-Aug,RBASS,1,.,81,9.21,MUSCLE,V,5.30,-27.01,3.41,.
25483,.,Turtleshell,.,2022,17-Aug,RBASS,1,.,132,41.51,MUSCLE,V,7.85,-25.51,3.25,.
25484,.,Turtleshell,.,2022,17-Aug,RBASS,1,.,145,50.39,MUSCLE,V,7.51,-26.51,3.21,.
25485,.,Turtleshell,.,2022,17-Aug,RBASS,1,.,151,57.15,MUSCLE,V,7.70,-27.09,3.20,.
25486,.,Turtleshell,.,2022,17-Aug,RBASS,1,.,.,81.67,MUSCLE,V,7.14,-24.82,3.21,.
25487,.,Turtleshell,.,2022,17-Aug,SMB,3,.,39,0.69,MUSCLE,V,5.05,-24.19,3.49,.
25488,.,Turtleshell,.,2022,17-Aug,SMB,1,.,64,3.29,MUSCLE,V,7.46,-24.44,3.27,.
25489,.,Turtleshell,.,2022,17-Aug,SMB,1,.,104,14.34,MUSCLE,V,7.86,-26.32,3.30,.
25490,.,Turtleshell,.,2022,17-Aug,SMB,1,.,125,24.34,MUSCLE,V,7.30,-24.97,3.32,.
25491,.,Turtleshell,.,2022,17-Aug,SNAIL,7,.,.,0.10,VISCERA,V,1.39,-19.56,4.18,.
24841,.,Wawiashkashi,.,2022,09-Jun,HEPTAGEN,27,.,.,.,BODY,V,0.84,-23.47,4.65,Effort 9
24842,.,Wawiashkashi,.,2022,09-Jun,HEPTAGEN,30,.,.,.,BODY,V,1.18,-23.01,4.50,Effort 9
24843,.,Wawiashkashi,.,2022,09-Jun,AMPHIPOD,55,.,.,.,BODY,V,4.30,-25.72,4.80,.
24844,.,Wawiashkashi,.,2022,09-Jun,AMPHIPOD,55,.,.,.,BODY,V,2.68,-26.75,4.79,.
24866,1,Wawiashkashi,.,2022,09-Jun,CISCO,1,237,265,150.00,MUSCLE,V,9.03,-27.52,3.39,.
24867,205,Wawiashkashi,.,2022,09-Jun,LT,1,600,655,3500.00,MUSCLE,V,11.62,-30.21,4.20,.
24868,9,Wawiashkashi,.,2022,09-Jun,NP,1,420,450,525.00,MUSCLE,V,9.66,-25.62,3.19,.
24869,10,Wawiashkashi,.,2022,09-Jun,NP,1,255,280,175.00,MUSCLE,V,8.50,-25.20,3.22,.
24870,11,Wawiashkashi,.,2022,09-Jun,NP,1,171,195,43.00,MUSCLE,V,8.81,-26.41,3.27,.
24871,12,Wawiashkashi,.,2022,09-Jun,NP,1,172,184,38.00,MUSCLE,V,8.38,-25.73,3.27,.
24872,18,Wawiashkashi,.,2022,09-Jun,NP,1,508,545,925.00,MUSCLE,V,10.16,-27.31,3.28,.
24873,22,Wawiashkashi,.,2022,09-Jun,NP,1,483,538,850.00,MUSCLE,V,9.94,-26.32,3.30,.
24874,23,Wawiashkashi,.,2022,09-Jun,NP,1,563,599,1250.00,MUSCLE,V,10.57,-28.64,3.30,.
24875,128,Wawiashkashi,.,2022,09-Jun,NP,1,722,757,2250.00,MUSCLE,V,10.87,-27.17,3.25,.
24876,132,Wawiashkashi,.,2022,09-Jun,NP,1,790,839,3100.00,MUSCLE,V,11.07,-26.76,3.27,.
24877,267,Wawiashkashi,.,2022,09-Jun,NP,1,810,850,3900.00,MUSCLE,V,11.12,-25.90,3.30,.
24878,3,Wawiashkashi,.,2022,09-Jun,SMB,1,310,330,525.00,MUSCLE,V,9.13,-25.26,3.27,.
24879,13,Wawiashkashi,.,2022,09-Jun,SMB,1,373,411,1100.00,MUSCLE,V,9.93,-29.02,3.82,.
24880,15,Wawiashkashi,.,2022,09-Jun,SMB,1,437,450,1700.00,MUSCLE,V,9.96,-27.24,3.28,.
24881,60,Wawiashkashi,.,2022,09-Jun,SMB,1,410,434,1300.00,MUSCLE,V,9.70,-27.49,3.31,.
24882,61,Wawiashkashi,.,2022,09-Jun,SMB,1,380,400,900.00,MUSCLE,V,9.70,-27.14,3.34,.
24883,62,Wawiashkashi,.,2022,09-Jun,SMB,1,395,415,1050.00,MUSCLE,V,9.69,-27.46,3.35,.
24884,84,Wawiashkashi,.,2022,09-Jun,SMB,1,358,376,750.00,MUSCLE,V,9.26,-26.11,3.35,.
24885,137,Wawiashkashi,.,2022,09-Jun,SMB,1,395,413,925.00,MUSCLE,V,8.92,-24.86,3.34,.
24886,184,Wawiashkashi,.,2022,09-Jun,SMB,1,320,335,500.00,MUSCLE,V,8.74,-24.95,3.29,.
24887,268,Wawiashkashi,.,2022,09-Jun,SMB,1,215,224,150.00,MUSCLE,V,8.46,-25.20,3.37,.
24888,14,Wawiashkashi,.,2022,09-Jun,WS,1,342,392,925.00,MUSCLE,V,6.06,-23.06,3.75,.
24889,26,Wawiashkashi,.,2022,09-Jun,WS,1,398,452,1200.00,MUSCLE,V,5.92,-28.98,3.34,.
24890,85,Wawiashkashi,.,2022,09-Jun,WS,1,529,565,2000.00,MUSCLE,V,6.87,-24.59,3.48,.
24891,86,Wawiashkashi,.,2022,09-Jun,WS,1,530,563,2150.00,MUSCLE,V,7.06,-25.29,3.36,.
24892,87,Wawiashkashi,.,2022,09-Jun,WS,1,500,535,1750.00,MUSCLE,V,7.50,-24.49,3.37,.
24893,88,Wawiashkashi,.,2022,09-Jun,WS,1,506,547,1900.00,MUSCLE,V,6.88,-25.76,3.52,.
24894,127,Wawiashkashi,.,2022,09-Jun,WS,1,360,380,750.00,MUSCLE,V,5.53,-23.73,3.33,.
24895,266,Wawiashkashi,.,2022,09-Jun,WS,1,500,535,1775.00,MUSCLE,V,6.85,-30.33,3.55,.
24896,269,Wawiashkashi,.,2022,09-Jun,WS,1,460,481,1225.00,MUSCLE,V,8.17,-28.31,3.45,.
24897,.,Wawiashkashi,.,2022,09-Jun,YPERCH,1,.,74,3.30,MUSCLE,V,6.74,-29.22,3.41,.
24898,.,Wawiashkashi,.,2022,09-Jun,YPERCH,1,.,79,4.32,MUSCLE,V,6.72,-28.96,3.37,.
24899,.,Wawiashkashi,.,2022,09-Jun,YPERCH,1,.,90,6.65,MUSCLE,V,6.76,-29.40,3.34,.
24900,.,Wawiashkashi,.,2022,09-Jun,YPERCH,1,.,108,13.06,MUSCLE,V,7.18,-26.36,3.36,.
24901,.,Wawiashkashi,.,2022,09-Jun,YPERCH,1,.,126,21.47,MUSCLE,V,7.66,-24.74,3.39,.
24902,.,Wawiashkashi,.,2022,09-Jun,YPERCH,1,.,133,26.11,MUSCLE,V,8.04,-26.39,3.57,.
24903,.,Wawiashkashi,.,2022,09-Jun,YPERCH,1,.,160,40.64,MUSCLE,V,7.68,-22.31,3.34,.
24904,.,Wawiashkashi,.,2022,09-Jun,YPERCH,1,.,164,51.43,MUSCLE,V,6.81,-23.67,3.34,.
24905,.,Wawiashkashi,.,2022,09-Jun,RBASS,1,.,72,7.22,MUSCLE,V,7.48,-24.67,3.47,.
24906,.,Wawiashkashi,.,2022,09-Jun,RBASS,1,.,85,12.36,MUSCLE,V,6.96,-22.91,3.35,.
24907,.,Wawiashkashi,.,2022,09-Jun,RBASS,1,.,102,19.65,MUSCLE,V,7.22,-21.75,3.37,.
24908,.,Wawiashkashi,.,2022,09-Jun,RBASS,1,.,135,50.83,MUSCLE,V,7.78,-22.15,3.31,.
24909,.,Wawiashkashi,.,2022,09-Jun,RBASS,1,.,165,93.22,MUSCLE,V,8.23,-23.28,3.25,.
24910,.,Wawiashkashi,.,2022,09-Jun,RBASS,1,.,105,23.15,MUSCLE,V,7.22,-24.08,3.29,.
24911,.,Wawiashkashi,.,2022,09-Jun,RBASS,1,.,203,175.00,MUSCLE,V,7.97,-23.35,3.20,.
24912,.,Wawiashkashi,.,2022,09-Jun,RBASS,1,.,230,249.10,MUSCLE,V,8.11,-24.76,3.19,.
24913,.,Wawiashkashi,.,2022,09-Jun,PSEED,2,.,50,1.55,MUSCLE,V,7.26,-27.98,3.37,.
24914,.,Wawiashkashi,.,2022,09-Jun,PSEED,1,.,55,2.26,MUSCLE,V,7.08,-30.18,3.39,.
24915,.,Wawiashkashi,.,2022,09-Jun,PSEED,1,.,76,7.39,MUSCLE,V,7.15,-26.23,3.47,.
24916,.,Wawiashkashi,.,2022,09-Jun,PSEED,1,.,81,9.73,MUSCLE,V,7.14,-26.03,3.35,.
24917,.,Wawiashkashi,.,2022,09-Jun,PSEED,1,.,93,15.83,MUSCLE,V,6.78,-28.55,3.29,.
24918,.,Wawiashkashi,.,2022,09-Jun,PSEED,1,.,105,21.79,MUSCLE,V,7.36,-25.12,3.31,.
24919,.,Wawiashkashi,.,2022,09-Jun,PSEED,1,.,148,72.02,MUSCLE,V,7.54,-21.76,3.31,.
24920,.,Wawiashkashi,.,2022,09-Jun,PSEED,1,.,172,111.39,MUSCLE,V,6.95,-22.47,3.25,.
24921,.,Wawiashkashi,.,2022,09-Jun,COSHINER,1,.,75,3.47,MUSCLE,V,7.00,-26.83,3.45,.
24922,.,Wawiashkashi,.,2022,09-Jun,COSHINER,1,.,74,3.25,MUSCLE,V,6.95,-27.31,3.46,.
24923,.,Wawiashkashi,.,2022,09-Jun,COSHINER,1,.,76,3.42,MUSCLE,V,6.91,-24.60,3.36,.
24924,.,Wawiashkashi,.,2022,09-Jun,COSHINER,1,.,77,3.45,MUSCLE,V,7.33,-25.14,3.40,.
24925,.,Wawiashkashi,.,2022,09-Jun,COSHINER,1,.,80,4.48,MUSCLE,V,7.37,-23.99,3.36,.
24926,.,Wawiashkashi,.,2022,09-Jun,COSHINER,1,.,90,6.49,MUSCLE,V,7.01,-28.55,3.55,.
24927,.,Wawiashkashi,.,2022,09-Jun,COSHINER,1,.,90,6.11,MUSCLE,V,7.37,-27.00,3.59,.
24928,.,Wawiashkashi,.,2022,09-Jun,COSHINER,1,.,93,6.92,MUSCLE,V,7.68,-26.16,3.43,.
24929,.,Wawiashkashi,.,2022,09-Jun,SLSCULP,1,.,52,1.66,MUSCLE,V,6.45,-28.31,3.78,.
24930,.,Wawiashkashi,.,2022,09-Jun,SLSCULP,1,.,72,4.07,MUSCLE,V,7.98,-28.42,3.36,.
24931,.,Wawiashkashi,.,2022,09-Jun,SLSCULP,1,.,95,8.80,MUSCLE,V,8.56,-26.34,3.38,.
24932,.,Wawiashkashi,.,2022,09-Jun,SLSCULP,1,.,93,7.78,MUSCLE,V,9.71,-32.71,3.60,.
24933,.,Wawiashkashi,.,2022,09-Jun,SNAIL,1,.,.,1.32,VISCERA,V,2.70,-26.29,5.47,Hydrobiidae
24934,.,Wawiashkashi,.,2022,09-Jun,SNAIL,1,.,.,2.81,VISCERA,V,2.74,-27.78,5.54,Hydrobiidae
24935,.,Wawiashkashi,.,2022,09-Jun,CRAYFISH,1,.,.,19.37,MUSCLE,V,3.54,-22.12,4.23,.
24936,.,Wawiashkashi,.,2022,09-Jun,CRAYFISH,1,.,.,28.11,MUSCLE,V,3.88,-20.42,3.59,.
24937,.,Wawiashkashi,.,2022,09-Jun,CLAM,1,.,62,11.12,MUSCLE,V,2.93,-32.01,4.87,Pyganodon grandis
24938,.,Wawiashkashi,.,2022,09-Jun,CLAM,1,.,66,14.83,MUSCLE,V,2.40,-33.24,4.79,Pyganodon grandis
24939,.,Wawiashkashi,.,2022,09-Jun,CLAM,1,.,72,19.78,MUSCLE,V,3.07,-33.83,6.50,Pyganodon grandis
24940,.,Wawiashkashi,.,2022,09-Jun,CLAM,1,.,80,48.34,MUSCLE,V,2.89,-30.95,4.08,Lampsilis siliquoidea
24941,.,Wawiashkashi,.,2022,09-Jun,CLAM,1,.,81,61.97,MUSCLE,V,2.97,-30.67,3.87,Lampsilis siliquoidea
24942,.,Wawiashkashi,.,2022,09-Jun,CLAM,1,.,84,61.07,MUSCLE,V,2.79,-30.51,4.10,Lampsilis siliquoidea
24943,.,Wawiashkashi,.,2022,09-Jun,CLAM,1,.,83,53.02,MUSCLE,V,2.76,-31.49,4.35,Lampsilis siliquoidea
24944,.,Wawiashkashi,.,2022,09-Jun,CLAM,1,.,82,53.20,MUSCLE,V,2.81,-31.12,4.32,Lampsilis siliquoidea
24945,.,Wawiashkashi,.,2022,09-Jun,CLAM,1,.,81,51.45,MUSCLE,V,2.95,-30.81,4.11,Lampsilis siliquoidea
25561,.,Wawiashkashi,.,2022,09-Jun,SNAIL,1,.,.,1.56,VISCERA,V,2.12,-28.67,4.16,Hydrobiidae
25562,.,Wawiashkashi,.,2022,09-Jun,SNAIL,1,.,.,1.60,VISCERA,V,0.93,-27.84,4.55,Hydrobiidae
,,,,,,,,,,,,,,,,
,,,,,,,,,,,,,,,,
,,,,,,,,,,,,,,,,
,,,,,,,,,,,,,,,,
,,,,,,,,,,,,,,,,
,,,,,,,,,,,,,,,,
,,,,,,,,,,,,,,,,
,,,,,,,,,,,,,,,,
,,,,,,,,,,,,,,,,
,,,,,,,,,,,,,,,,
,,,,,,,,,,,,,,,,
,,,,,,,,,,,,,,,,
,,,,,,,,,,,,,,,,
,,,,,,,,,,,,,,,,
,,,,,,,,,,,,,,,,
,,,,,,,,,,,,,,,,
,,,,,,,,,,,,,,,,
,,,,,,,,,,,,,,,,
,,,,,,,,,,,,,,,,
,,,,,,,,,,,,,,,,
,,,,,,,,,,,,,,,,
,,,,,,,,,,,,,,,,
,,,,,,,,,,,,,,,,
,,,,,,,,,,,,,,,,
,,,,,,,,,,,,,,,,
,,,,,,,,,,,,,,,,
,,,,,,,,,,,,,,,,
,,,,,,,,,,,,,,,,
,,,,,,,,,,,,,,,,
,,,,,,,,,,,,,,,,
,,,,,,,,,,,,,,,,
,,,,,,,,,,,,,,,,
,,,,,,,,,,,,,,,,
,,,,,,,,,,,,,,,,
,,,,,,,,,,,,,,,,
,,,,,,,,,,,,,,,,
,,,,,,,,,,,,,,,,
,,,,,,,,,,,,,,,,
,,,,,,,,,,,,,,,,
,,,,,,,,,,,,,,,,
,,,,,,,,,,,,,,,,
,,,,,,,,,,,,,,,,
,,,,,,,,,,,,,,,,
,,,,,,,,,,,,,,,,
,,,,,,,,,,,,,,,,
,,,,,,,,,,,,,,,,
,,,,,,,,,,,,,,,,
,,,,,,,,,,,,,,,,
,,,,,,,,,,,,,,,,
,,,,,,,,,,,,,,,,
,,,,,,,,,,,,,,,,
,,,,,,,,,,,,,,,,
,,,,,,,,,,,,,,,,
,,,,,,,,,,,,,,,,
,,,,,,,,,,,,,,,,
,,,,,,,,,,,,,,,,
,,,,,,,,,,,,,,,,
,,,,,,,,,,,,,,,,
,,,,,,,,,,,,,,,,
,,,,,,,,,,,,,,,,
,,,,,,,,,,,,,,,,
,,,,,,,,,,,,,,,,
,,,,,,,,,,,,,,,,
,,,,,,,,,,,,,,,,
,,,,,,,,,,,,,,,,
,,,,,,,,,,,,,,,,
,,,,,,,,,,,,,,,,
,,,,,,,,,,,,,,,,
,,,,,,,,,,,,,,,,
,,,,,,,,,,,,,,,,
,,,,,,,,,,,,,,,,
,,,,,,,,,,,,,,,,
,,,,,,,,,,,,,,,,
,,,,,,,,,,,,,,,,
,,,,,,,,,,,,,,,,
,,,,,,,,,,,,,,,,
,,,,,,,,,,,,,,,,
,,,,,,,,,,,,,,,,
,,,,,,,,,,,,,,,,
,,,,,,,,,,,,,,,,
,,,,,,,,,,,,,,,,
,,,,,,,,,,,,,,,,
,,,,,,,,,,,,,,,,
,,,,,,,,,,,,,,,,
,,,,,,,,,,,,,,,,
,,,,,,,,,,,,,,,,
,,,,,,,,,,,,,,,,
,,,,,,,,,,,,,,,,
,,,,,,,,,,,,,,,,
,,,,,,,,,,,,,,,,
,,,,,,,,,,,,,,,,
,,,,,,,,,,,,,,,,
,,,,,,,,,,,,,,,,
,,,,,,,,,,,,,,,,
,,,,,,,,,,,,,,,,
,,,,,,,,,,,,,,,,
,,,,,,,,,,,,,,,,
,,,,,,,,,,,,,,,,
,,,,,,,,,,,,,,,,
,,,,,,,,,,,,,,,,
,,,,,,,,,,,,,,,,
,,,,,,,,,,,,,,,,
,,,,,,,,,,,,,,,,
,,,,,,,,,,,,,,,,
,,,,,,,,,,,,,,,,
,,,,,,,,,,,,,,,,
,,,,,,,,,,,,,,,,
,,,,,,,,,,,,,,,,
,,,,,,,,,,,,,,,,
,,,,,,,,,,,,,,,,
,,,,,,,,,,,,,,,,
,,,,,,,,,,,,,,,,
,,,,,,,,,,,,,,,,
,,,,,,,,,,,,,,,,
,,,,,,,,,,,,,,,,
,,,,,,,,,,,,,,,,
,,,,,,,,,,,,,,,,
,,,,,,,,,,,,,,,,
,,,,,,,,,,,,,,,,
,,,,,,,,,,,,,,,,
,,,,,,,,,,,,,,,,
,,,,,,,,,,,,,,,,
,,,,,,,,,,,,,,,,
,,,,,,,,,,,,,,,,
,,,,,,,,,,,,,,,,
,,,,,,,,,,,,,,,,
,,,,,,,,,,,,,,,,
,,,,,,,,,,,,,,,,
,,,,,,,,,,,,,,,,
,,,,,,,,,,,,,,,,
,,,,,,,,,,,,,,,,
,,,,,,,,,,,,,,,,
,,,,,,,,,,,,,,,,
,,,,,,,,,,,,,,,,
